번호,화면,상태,우선순위,시나리오,사전 조건,수행 단계,기대 결과,실제 결과
1,"4-2, 4-2aa, 4-2ab, 4-2b, 4-2c, 4-2d, 4-3a, 4-3b, 4-4, 4-5, 4-5aa, 4-5ab, 4-5b, 4-5c, 4-5d, 4-6, 4-7",실패,1순위,헤더 카피가 와이어프레임과 동일하다,로그인,,매수 기록 n/3 단계 혹은 매도 기록 n/3단계 로 보여야 함,매수 기록 n/4 단계 혹은 매도 기록 n/4단계 로 보임
2,"4-2, 4-5",실패,1순위,종목 선택 시 필드별로 기본값이 보인다,로그인,종목A 선택 \> 4-2 혹은 4-5 화면 랜딩 \> 뒤로가기 \> 종목B 선택 \> 4-2 혹은 4-5화면 확인,기록 수정이 아닌 최초 작성 시 정보 입력 필드별 기본값이 노출된다. 기능명세에 있는 필드별 기본값: 매도가 팰드: 0원 혹은 \$0. 수량 필드 기본값 0주. 매매일자 오늘날짜. 매매 시각 00:00 플레이스홀더 텍스트.,기록 수정이 아닌 최초 작성 시 정보 입력 필드별 기본값이 노출되지 않고 이전에 선택했던 종목 정보 기입 시 입력했던 값들이 그대로 유지되어 노출된다
3,4-1a,실패,1순위,홈과 기록탭에서 “매매 기록하기” 클릭 시 4-1a종목 검색 화면 랜딩,로그인,"홈탭 \> 매매 기록하기, 기록탭 \> 기록하기",4-1a 페이지 랜딩,4-1a로 랜딩되지 않고 와이어프레임에 존재하지 않는 매수/매도 선택 화면으로 랜딩된다
4,4-1a,성공,1순위,종목을 선택하기 전 기록 시작 버튼을 비활성화한다,종목 검색 화면,종목 미선택 상태에서 CTA 탭 → 종목 선택 후 CTA 탭,미선택 시 회색·무반응이고 선택 후 활성화된다,미선택 시 회색·무반응이고 선택 후 활성화된다
5,4-1b,보류,1순위,종목 선택 후 팝업에서 매수·매도 기록 유형을 선택한다,"종목 검색 화면, 종목 선택 완료",종목 선택 → 기록 시작하기 → 기록 유형 팝업 확인 → 매수 기록/매도 기록 각각 선택,"종목 검색 화면에는 유형 탭이 없고, CTA 탭 후 팝업에서 선택한 유형에 맞춰 4-2 또는 4-5로 이동한다.",팝업창 존재하지 않음
6,"4-1a, 4-1b",실패,1순위,종목 선택 UI가 와이어프레임과 일치한다,로그인,홈과 기록탭에서 ‘기록하기’ 클릭,와이어프레임에 있는 UI가 그대로 보인다,검색 필드 하단에 ‘많이 찾는 종목’만 삭제 필요
7,4-1a,실패,1순위,종목명 검색에서 영문 대소문자와 공백을 정규화한다,영문 종목명이 DB에 존재,대문자·소문자·중간 공백·앞뒤 공백을 달리해 동일 종목 검색,대소문자를 구분하지 않고 공백 제거 후 비교해 동일한 포함 검색 결과를 표시한다.,공백 포함 검색 시 결과가 뜨지 않는다
8,4-1a,성공,2순위,검색 결과가 없는 경우 빈 상태를 안내한다,종목 검색 화면,존재하지 않는 검색어 입력 → 검색,결과 없음 안내가 표시되고 임의 종목을 생성하지 않는다.,존재하지 않는 검색어 입력 → 검색
9,4-1a,성공,2순위,부분 종목명으로 관련 검색 결과를 표시한다,종목 검색 화면,종목명 일부 입력 → 검색,일치하는 종목 후보와 종목코드가 구분되어 표시된다.,종목명 일부 입력 → 검색
10,"4-2, 4-5",실패,1순위,가격 필드 입력 로직이 정책과 동일하다,종목 선택 완료,종목 선택 \> 가격 입력,가격 필드 입력 로직이 기능 명세에 적혀있는 정책과 동일하다,"KRW 소수점 위로 10자리 조건 반영이 안됨<br>USD 소수점 위로 6자리, 아래로 2자리 조건 반영이 안됨<br>현재는 숫자 무한대 입력 가능.<br>숫자 입력 시 단위에 따라 , 노출 안됨"
11,"4-2, 4-5",실패,1순위,화면 UI가 와이어프레임과 일치한다,종목 선택 완료,종목 선택 \> 화면 확인,와이어프레임의 카피와 UI가 구현 화면에 동일하게 노출된다,타이틀 카피가 와이어프레임과 다름<br>매수/매도 선택 영역이 와이어프레임에 없음<br>매수가 필드와 수량 필드의 길이와 위치가 와이어프레임과 다름<br>수량 양 옆의 +/- 버튼이 없음<br>종목명 텍스트 UI가 와이어프레임과 다름.<br>매수 기록 단계 헤더가 n/3이어야 하는데 n/4로 보임
12,"4-2, 4-5",실패,1순위,수량 필드 입력 로직이 정책과 동일하다,종목 선택 완료,종목 선택 \> 수량 입력,수량 필드 기능명세에 적인 정책과 동일,"소수점 위로 5자리, 소수점 밑으로 3자리 입력 가능한 정책이 반영  안됨. 현재는 숫자 무한대 입력 가능."
13,"4-5aa, 4-5ab, 4-5b, 4-5c, 4-5d, 4-2aa, 4-2ab, 4-2b, 4-2c, 4-2d",실패,2순위,"매수가, 수량, 매매일자와 매매 시각 필드 클릭 시 커스텀 키패드가 보인다",종목 선택 완료,종목 선택 \>필드 클릭,와이어프레임과 기능명세에 적혀있는 커스텀 키패드가 각 필드를 클릭하면 보인다,커스텀 키패드가 전혀 보이지 않는다
14,"4-5aa, 4-5ab, 4-2aa, 4-2ab",보류,2순위,가격 전용 키패드의 입력·삭제·완료를 처리한다,종목 선택 완료,가격 필드클릭 \> 커스텀 키패드 버튼 클릭,콤마와 통화 형식이 실시간 반영되고 완료 후 값이 확정된다.,커스텀 키패드 존재하지 않음
15,"4-5b, 4-2b",보류,2순위,수량 전용 키패드로 수량 입력/저장/수정을 할 수 있다,종목 선택 완료,수량 필드클릭 \> 커스텀 키패드 버튼 클릭,,커스텀 키패드 존재하지 않음
16,"4-5c, 4-2c",실패,1순위,매매일자 달력에서 미래 날짜를 비활성화한다,종목 선택 완료,달력 열기 → 오늘/내일 선택 시도,오늘은 선택되고 이후 날짜는 비활성·선택 불가다.,미래 날짜를 선택할 수 있다
17,"4-2, 4-5",성공,1순위,가격·수량이 0이면 다음 단계 진입을 차단한다,매수 또는 매도 정보 입력 화면,가격만 0 → 수량만 0 → 둘 다 0 상태에서 다음 선택,"다음 버튼이 비활성화되어 단계가 진행되지 않으며, 날짜는 당일 기본값·시간은 선택값으로 처리된다.",가격만 0 → 수량만 0 → 둘 다 0 상태에서 다음 선택
18,"4-5, 4-2",실패,1순위,매매 시간 선택 또는 생략을 저장한다,정보 입력 화면,시간 휠 선택 저장 → 다른 기록은 시간 없이 저장,선택 시 HH:mm이 저장되고 생략 시 상세에는 날짜만 표시된다.,와이어프레임에 있는 플레이스홀더 텍스트가 없으며 시각이 선택 옵션으로 보이지 않음
19,4-3b,성공,2순위,매매 이유 소분류 선택,매매 정보 입력,매매 이유 소분류 클릭,대분류를 클릭하면 섹션이 펼쳐지며 하위 소분류가 노출된다,대분류를 클릭하면 섹션이 펼쳐지며 하위 소분류가 노출된다
20,"4-3b, 4-6",실패,2순위,대분류 확장 상태 유지,매매 정보 입력,매매 이유 소분류 클릭,선택된 소분류가 속하는 대분류는 펼쳐진 상태를 유지하여 노출된다.<br>배경이 연한 하늘색으로 변경된다.<br>다른 대분류를 탭해도 펼쳐진 상태로 유지된다.,선택된 소분류가 속하는 대분류가 펼쳐진 상태로 유지되지 않는다. 다른 대분류를 클릭할 경우 다시 접혀지며 색상도 하늘색으로 유지되지 않는다.
21,"4-3b, 4-6",실패,1순위,옵션 미선택 시 CTA 비활성화,매매 정보 입력,매매 이유 소분류 미클릭,소분류 미선택 시 CTA가 비활성화되며 다음으로 못 넘어간다,CTA가 항시 활성화 상태이며 다음으로 넘어갈 수 있다
22,"4-6, 4-3b",실패,2순위,소분류 4개째 선택 시 토스트 메시지,매매 정보 입력,매매 정보 입력 \> 이유 4개 선택,소분류를 3개 선택한 상태에서 하나 더 선택할 경우 “이 옵션을 선택하려면 하나를 해제해주세요” 토스트 메시지가 화면 상단 중앙에 뜬다,토스트 메시지가 뜨지 않는다
23,"4-4, 4-7",실패,2순위,옵션 미선택 시 토스트 메시지,매매 이유 선택 완료,당시 감정 3개 선택,옵션 2개 선택 환료 후 다른 옵션을 클릭할 경우 “이 옵션을 선택하려면 하나를 해제해주세요” 토스트가 상단 중앙에 5초간 노출,옵션 2개 선택 환료 후 다른 옵션을 클릭할 경우 토스트 미노출
24,"4-4, 4-7",실패,1순위,옵션 미선택 시 CTA 비활성화,매매 이유 선택 완료,당시 감정 미선택,옵션 1개라도 미선택 시 CTA 비활성화,CTA가 항시 활성화되며 옵션 미선택 시 다음 단계로 진행 가능
25,"4-4, 4-7, 4-8",실패,2순위,기록 저장 시 팝업 화면 노출,당시 감정 선택 완료,당시 감성 선택 \> 저장 클릭,4-4 혹은 4-7에서 기록 저장 클릭 시 4-8 팝업이 노출,4-4 혹은 4-7에서 기록 저장 클릭 시 4-8 팝업이 미노출
26,4-8,실패,1순위,저장 클릭 시 기록 상세 화면으로 랜딩,당시 감정 선택 완료,당시 감성 선택 \> 저장 클릭,기록 저장 시점에 스냅샷된 계획 유무와 계획 유형(매수 혹은 매도)에 따라 5-2\~5-9 화면 중 하나로 랜딩,홈 화면으로 랜딩
27,5-1,성공,2순위,기록 목록의 전체·매수·매도 필터를 적용한다,매수 2건·매도 2건,각 필터 탭 선택,"전체 4건, 매수 2건, 매도 2건만 최신순 표시된다.",
28,5-1,성공,1순위,기록이 없는 사용자의 빈 상태를 표시한다,"가입 완료, 기록 0건",기록 탭 진입,오류나 빈 목록 대신 첫 기록을 유도하는 빈 상태가 표시된다.,
29,5-1,실패,1순위,기록 목록을 최근 매매일자 순으로 표시한다,서로 다른 매매일자의 기록 3건 존재,기록 탭 진입,매매일자가 최신인 기록부터 정렬된다.,매매 일자 순이 아닌 최근 등록순으로 표시
30,5-1,실패,2순위,"기록 카드 리스트에 종목명, 매수/매도 배지, 매매일자, 수량·매매가를 표기하고, 매매 이유와 판단 근거를 표기한다.",매매 기록 작성,매매 기록 작성 → 기록 탭 진입,"각 기록리스트에 종목명, 매수/매도 배지, 매매일자, 수량·매매가를 표기하고 매매이유와 판단 근거를 표기한다.","각 기록리스트에 종목명, 매수/매도 배지, 매매일시, 매매가를 표기함"
31,"5-2, 5-3, 5-4, 5-5, 5-6, 5-7, 5-8, 5-9",실패,2순위,"기록 상세 페이지에서 매매 이유, 그때 마음을 규칙에 맞게 표시한다",기록 등록→ 기록 상세 페이지,기록 탭 진입 → 기록 상세 페이지 진입,"기록 상세 페이지에서 ""매매이유"": 판단근거 선택값 나열, 형식 : \{대분류 값\}·\{소분류 선택값\}, 2개 이상일 때 대분류 1개 당 줄바꿈 1회로 구분, ""그때 마음"": 당시 상태 선택값 나열, 2개 이상일 때 선택값 1개 당 줄바꿈 1회로 구분 규칙에 따라 매매 이유와 그때 마음을 표시한다","“판단 근거”+소분류 선택값 줄바꿈으로 구분, “당시 상태”+선택값 줄바꿈으로 구분"
32,"5-2, 5-6",성공,2순위,매매일시 중 시간 없이 저장한 기록은 시간없이 날짜만 표시한다,매매 기록을 시간을 지정하지 않고 저장,목록에서 기록 선택,"매매일시 저장 중 시간없이 저장한 기록인 경우, 매매날짜만 표시한다.",1. 매매 기록 등록 시 “시간 없음” 버튼 없음 → 직접 시간 지우기는 가능<br>2. 직접 시간 지우기 후 저장 시 DB에 NULL로 저장되고 기록 상세페이지에 시간 없이 날짜만 표기
33,"5-3, 5-4, 5-5, 5-7, 5-8, 5-9, 5-12",보류,1순위,"기록 상세의 계획 카드의 X버튼을 클릭하면 화면 5-12로 이동 후, 계획이 삭제된다.",매도 기록과 계획 조합 준비,기록 상세 → 계획 카드 X버튼 클릭 → 재확인 팝업에서 “네” 클릭 → 기록 삭제,"기록 상세에서 계획 카드의 X버튼을 클릭하면 화면 5-12로 이동하여 삭제를 재확인하고, 삭제 시 기록에서 계획 데이터가 삭제된다. (기록 데이터에서 해당 계획의 스냅샷 데이터를 NULL로 변경)",계획 대조/미리보기/계획 유도 카드 존재하지 않아서 X버튼 클릭 불가
34,"5-3, 5-4, 5-5, 5-7, 5-8, 5-9, 5-10, 5-11",보류,1순위,"기록 상세의 계획 유도 카드 클릭 시, 해당 기록의 종목명과 동일한 종목명의 새로운 계획을 등록한다",매수/매도 기록 저장,기록 상세 → 계획 유도 카드 클릭 → 5-10/5-11 화면으로 이동,기록 상세에서 계획 유도 카드를 클릭하면 기록의 종목명을 가진 새로운 계획을 등록하는 화면으로 이동한다.,계획 유도 카드가 존재하지 않음
35,"5-3, 5-4, 5-5, 5-7, 5-8, 5-9, 5-10, 5-11",보류,1순위,"기록 상세에서 종목명의 새로운 계획을 등록한 후, 해당 기록 상세 페이지로 돌아온다",매수/매도 기록 저장,기록 상세 → 계획 유도 카드 클릭 → 5-10/5-11 화면으로 이동→기록 상세로 복귀,기록 상세→계획 유도→계획 등록 플로우 완료 후 기존의 기록의 상세 페이지로 이동하고 새로운 계획 데이터가 반영된다,계획 유도 카드가 존재하지 않아 테스트 불가
36,"5-3, 5-4, 5-5, 5-7, 5-8, 5-9, 5-10, 5-11",보류,1순위,"기록 상세에서 계획 유도 카드를 클릭 시, 해당 종목명에 기존 계획이 존재하면 계획 데이터를 불러와 이를 수정하도록 한다",매수/매도 기록 저장,기록 상세 → 계획 유도 카드 클릭 → 5-10/5-11 화면으로 이동→기록 상세로 복귀,"기록 상세→계획 유도→계획 등록 플로우에서 기록 종목명과 동일한 계획이 이미 존재할 시, 해당 계획 내용을 불러와 입력창에 프리필하고 이를 수정할 수 있도록 한다. 저장 시에는 계획 데이터를 갱신한다.",계획 유도 카드가 존재하지 않아 테스트 불가
37,"5-3, 5-4, 5-5, 5-7, 5-8, 5-9",보류,2순위,"기록 상세에서 매수 기록은 매도 계획, 매도 기록은 매수 계획이 없을 때, 각 계획을 유도하는 카드를 표시한다",매수/매도 기록 저장,기록 등록 → 기록 상세,"기록 상세에서 매수 기록은 매도 계획, 매도 기록은 매수 계획이 없을 떄, 각 계획을 유도하는 카드를 표시한다",계획 유도 카드가 존재하지 않아 테스트 불가
38,"5-3, 5-4, 5-5, 5-7, 5-8, 5-9",보류,1순위,기록 상세의 계획 카드는 탭해도 이동하지 않는다,계획 카드가 표시된 상세,대조/미리보기 카드 본문 탭,화면 이동이나 값 변경이 발생하지 않는다.,기록 상세페이지 내 계획 카드가 없음
39,"5-3, 5-4, 5-5, 5-6, 5-7, 5-8, 5-9",실패,1순위,계획 존재 조합 4종에 따라 저장 확인 화면을 분기한다,동일 종목의 매수·매도 계획 존재 여부를 조합별 준비,매수 기록 저장을 계획 없음/매수만/매도만/둘 다 조건에서 반복,각 조건에 맞춰 5-2\~5-9 화면이 노출되고 필요한 계획 등록 유도·대조·미리보기가 정확히 구성된다.,1. 계획이 없는 기록: 매수 기록→매도 계획/매도 기록→매수 계획을 유도하는 카드가 존재하지 않음 <br>  2. 계획이 있는 기록: 계획과 기록을 대조하는 카드와 계획을 미리볼 수 있는 카드가 존재하지 않음
40,4-8,실패,1순위,"매매 기록과 계획을 맵핑해서 저장할 때, 저장 당시 계획의 내용을 스냅샷 데이터로 기록 내용과 함께 저장한다.","로그인, 계획이 있는 종목명으로 매매 기록 작성",계획 등록→ 동일 종목명의 매매 기록 작성 → 3/3단계 저장 버튼 클릭,"동일한 종목명의 계획의 내용이 저장 시점에 스냅샵 데이터로 매매기록에 함께 저장된다. (계획 id 참조가 아니라 희망 매수 구간/손절,희망매도가를 그대로 기록 데이터에 저장하는 방식)",동일한 종목명의 계획의 id를 매매 기록 데이터 테이블에 저장하는 방식
41,"5-3, 5-4, 5-5, 5-7, 5-8, 5-9",보류,1순위,실제 매수가를 계획 희망 매수 구간과 연결해 대조하는 카드를 제시한다,동일 종목 매수 계획 존재,매수 기록 저장 → 저장 확인/상세의 계획 대비 실제 확인,해당 종목·매수 유형 계획이 연결되고 실제가가 구간보다 낮음/안/높음으로 정확히 판정된다.,"매수/매도 모두 계획과 대조하거나 미리보는 카드가 존재하지 않고, 3가지로 입력받은 계획 정보가 기록 상세보기에서 매매 정보와 함께 텍스트로 노출됨"
42,"5-3, 5-4, 5-5, 5-7, 5-8, 5-9",보류,1순위,"실제 매도가를 계획 손절가, 목표가와 연결해 대조하는 카드를 제시한다",동일 종목 매도 계획 존재,매도 기록 저장 → 저장 확인/상세의 계획 대비 실제 확인,해당 종목·매도 유형 계획이 연결되고 실제가가 구간보다 낮음/안/높음으로 정확히 판정된다.,"매수/매도 모두 계획과 대조하거나 미리보는 카드가 존재하지 않고, 3가지로 입력받은 계획 정보가 기록 상세보기에서 매매 정보와 함께 텍스트로 노출됨"
43,"5-3, 5-4, 5-5, 5-7, 5-8, 5-9",보류,2순위,실제 매수가를 계획 희망 매수 구간과 연결해 매수 범위 바를 표시한다,동일 종목 매수 계획 존재,매수 기록 저장 → 저장 확인/상세의 계획 대비 실제 확인,해당 종목·매수 유형 계획이 연결되고 실제가를 희망 구간의 범위 바에 정확한 위치로 표시한다,"매수/매도 모두 계획과 대조하거나 미리보는 카드가 존재하지 않고, 3가지로 입력받은 계획 정보가 기록 상세보기에서 매매 정보와 함께 텍스트로 노출됨"
44,"5-3, 5-4, 5-5, 5-7, 5-8, 5-9",보류,2순위,"실제 매도가를 계획 손절가, 목표가와 연결해 매도 범위 바를 표시한다",동일 종목 매도 계획 존재,매도 기록 저장 → 저장 확인/상세의 계획 대비 실제 확인,해당 종목·매수 유형 계획이 연결되고 실제가를 희망 매도 구간의 범위 바에 정확한 위치로 표시한다,"매수/매도 모두 계획과 대조하거나 미리보는 카드가 존재하지 않고, 3가지로 입력받은 계획 정보가 기록 상세보기에서 매매 정보와 함께 텍스트로 노출됨"
