번호,화면,상태,우선순위,시나리오,사전조건,수행단계,기대결과,실제 결과
1,공통,통과,1순위,대시보드/경향해석 계열 화면 GNB 노출,,"1. 인사이트 탭 진입
2. 대시보드 탭 확인
3. 경향해석 탭으로 전환하여 확인
4. 6-3~6-6 각 상태(대기/발행1건/발행2건/히스토리)에서 반복 확인",6-1~6-6 화면 모두 하단 GNB(탭바)가 정상적으로 노출된다,
2,공통,실패,1순위,날짜별/관련기록 화면 상단 back 버튼만 노출,경향해석 카드가 1건 이상 발행된 상태,"1. 경향해석 탭에서 '이 날짜의 카드 전체보기' 클릭해 6-7 진입
2. 6-7에서 '관련 기록 N건→' 클릭해 6-8 진입","6-7, 6-8 화면에는 하단 GNB 없이 상단 back 버튼만 노출된다","'이 날짜의 카드 전체보기'로 진입하는 6-7 화면이 앱에 존재하지 않아 이 경로로는 검증 불가. 다만 6-8 상당 화면(/insights/related, '관련 기록 N건→' 링크로 진입)은 실측 결과 하단 GNB 없이 상단 back 버튼만 노출되는 구조로, 이 부분은 기대와 일치함."
3,공통,보류,2순위,통계 차트 캐시가 사용자별로 분리되어 있다,"서로 다른 계정 2개(A, B) 각각 매매 기록 보유","1. 계정 A로 인사이트 대시보드 진입해 통계 확인
2. 계정 B로 전환해 인사이트 대시보드 진입","계정 B의 통계 화면이 계정 A의 캐시 데이터를 노출하지 않고, 계정 B 자신의 기록 기준으로 표시된다","계정 B의 통계 화면이 계정 A의 캐시 데이터를 노출하지 않고, 계정 B 자신의 기록 기준으로 표시"
5,공통,통과,1순위,기록 추가 시 캐시 즉시 갱신,인사이트 대시보드 진입해 캐시가 생성된 상태,"1. 인사이트 대시보드 조회
2. 새로고침 없이 매매 기록 1건 추가
3. 인사이트 탭으로 재진입(앱 재시작 없이)",직전 캐시가 evict되고 새로고침·재시작 없이 최신 통계가 반영된다,"세션 전반에 걸쳐 수차례 실측됨: 기록을 추가할 때마다(예: 매수 3건→6건, 다른 종목 추가 등) 새로고침·앱 재시작 없이 인사이트/대시보드가 즉시 최신 건수로 갱신됨(예: 총 기록 9건→10건→11건→12건이 매번 즉각 반영됨)."
6,6-1,통과,1순위,6-1 헤더 문구 노출,"전체 매매기록 1건 이상, 인사이트 탭 진입 전",1. 인사이트 탭 진입,"""인사이트"" 라벨 + ""나의 기록 통계"" + ""전체 매매 기록을 기준으로 정리했어요"" 문구가 정확히 노출된다",헤더에 '인사이트' 라벨 + '나의 기록 통계' + '전체 매매 기록을 기준으로 정리했어요' 문구가 스펙과 정확히 일치하게 노출됨 (2026-09-07 실기 계정 실제 확인)
7,6-1,통과,1순위,대시보드 탭 활성 표시,6-1 진입 상태,1. 6-1 화면에서 탭바 확인,대시보드 탭에 활성 밑줄이 표시된다,"대시보드 탭에 밑줄(활성 표시) 정상 노출, 경향해석 탭은 비활성 스타일로 구분됨"
8,6-1,통과,1순위,경향해석 탭 안읽음 뱃지(빨간 점) 조건부 노출,케이스A - 안읽은 발행 카드 0건 / 케이스B - 1건 이상,"1. 케이스A 상태로 6-1 진입, 경향해석 탭 확인
2. 케이스B 상태로 6-1 진입, 경향해석 탭 확인","안읽은 발행 카드가 1장 이상일 때만 경향해석 탭 우측 상단에 8×8 빨간 점이 노출되고, 0건이면 노출되지 않는다",실측 확인: 안낝은 발행 카드가 있는 상태에서 대시보드 탭에서 바라볼 때 경향해석 탭 우측 상단에 빨간 점 배지가 노출됨을 준 확인
9,6-1,실패,1순위,경향해석 탭 클릭 시 안읽음 카드 읽음 처리,안읽은 발행 카드 1건 이상 있어 빨간 점이 노출된 상태,"1. 경향해석 탭 클릭
2. 대시보드 탭으로 다시 돌아와 경향해석 탭의 점 상태 확인","클릭 즉시 탭이 전환되며 안읽음 카드가 전체 읽음 처리되어 점이 사라지고, 이후 재진입해도 다시 나타나지 않는다","실측 결과, 경향해석 탭을 클릭해 진입한 후 대시보드로 돎아와도 경향해석 탭의 빨간 점이 사라지지 않고 계속 남아있음(여러 번 반복 확인). '클릭 즉시 읽음처리되어 점이 사라진다'는 기대와 다름 — 읽음처리 기능이 동작하지 않거나, 카드 재발행(#66)으로 인해 안읽음 상태가 계속 재생성되는 것으로 추정됨."
10,6-1,보류,1순위,매매추이 카드 그래프 축 매핑,여러 날짜에 걸친 매수/매도 기록 존재,1. 6-1 매매추이 카드 확인,"매수/매도 이중 선그래프가 x축=매매일자, y축=매매건수로 정확히 매핑되어 표시된다","현재 계정(매수 4건) 상태에서 그래프 자체가 녹매되지 않고 '기록이 더 쌓이면 일자별 추이가 그려져요' 플레이스홀더만 노출됨. 어떤 임계값(건수/날짜수)에서 그래프가 활성화되는지 스펙에 명시되어 있지 않아, 추가 기록으로 재현 후 축 매핑 검증 예정"
11,6-1,보류,1순위,매매추이 카드 5일 단위 페이지 이동,매매 발생 일자가 5일 이상에 걸쳐 있는 상태,"1. ‹ 클릭
2. › 클릭
3. 상단 표시 구간(예: 08.03~08.20) 확인","‹/› 클릭 시 5일 단위로 페이지가 이동하고, 상단 구간 표기가 정확히 갱신된다",그래프 자체가 녹매되지 않아(10번 참고) 페이지 이동 기능 검증 불가. 추가 기록 확보 후 재시도 필요
12,6-1,보류,1순위,매매추이 카드 화살표 비활성화 경계값,매매 발생 일자 구간의 시작/끝 지점에 도달한 상태,"1. 데이터 시작 지점까지 ‹ 클릭 이동
2. 데이터 끝 지점까지 › 클릭 이동","시작 지점에서 ‹가, 끝 지점에서 ›가 비활성화된다",그래프 자체가 녹매되지 않아(10번 참고) 경계값 검증 불가. 추가 기록 확보 후 재시도 필요
13,6-1,보류,2순위,매매추이 카드 화살표 미노출 (5일 미만 예외),매매 발생 일자가 5일 미만인 상태,1. 6-1 매매추이 카드 확인,좌우 화살표(‹/›) 자체가 노출되지 않는다,"현재 상태(5일 미만으로 추정)에서도 화살표 미노출이 아니라 그래프 전체가 플레이스홀더로 대체됨 "
14,6-1,통과,1순위,계획 이행 현황 3단 막대 표시,전체기록/계획있던기록/계획대로이행 각 수치가 서로 다른 매매기록 존재,1. 6-1 계획 이행 현황 카드 확인,전체기록/계획있던기록/계획대로이행 3단 막대가 절대값과 비율 채움으로 정확히 표시된다,"전체기록 4건/계획있던기록 0건/계획대로이행 0건 3단 막대 레이아웃은 스펙대로 정상 노출됨(라벨+절대값 모두 표시). 수치 계산 로직(15,16번)은 별도 검증 필요"
15,6-1,통과,1순위,'계획이 있었던 기록' 집계 정의 검증,케이스A - 매매 기록 시점에 해당 종목 계획이 이미 등록되어 있던 기록 / 케이스B - 매매 기록 이후에 같은 종목 계획을 등록한 기록,"1. 케이스A, 케이스B 각각 기록 생성
2. 6-1 계획 이행 현황 카드에서 '계획있던기록' 수치 확인","케이스A만 '계획이 있었던 기록'으로 카운트되고, 케이스B(사후 계획 등록)는 카운트되지 않는다","실측: MSFT에 희망400/손절380/목표420 계획 등록 후, 해당 계획을 '연결할 계획'으로 선택해 매수 기록 2건($400, $450)을 추가하자 '계획이 있었던 기록'이 0→1→2건으로 정확히 증가함. 계획 연결 여부(연결할 계획 선택)가 카운트 기준으로 동작함을 확인."
16,6-1,통과,1순위,'계획대로 이행한 기록' 집계 정의 검증,계획있던기록 중 매매가가 계획 희망가 구간 내/외인 기록 각각 존재,"1. 매매가가 구간 내인 기록, 구간 밖인 기록 각각 생성
2. 6-1 계획 이행 현황 카드에서 '계획대로이행' 수치 확인",매매가가 계획의 매매희망가 구간 내에 있는 기록만 '계획대로 이행'으로 카운트된다,"실측: 동일 계획(희망400/손절380/목표420)에 연결된 매수 기록을 구간 내 가격($400)과 구간 밖 가격($450) 각각 1건씩 생성. 결과, '계획이 있었던 기록'은 2건로 늘어났으나 '계획대로 이행한 기록'은 1건에서 멈무름(구간 내 가격만 카운트됨). 매매가가 계획의 희망매수가·손절가·목표가 구간 내에 있는 기록만 '계획대로 이행'으로 카운트됨을 정확히 확인."
17,6-1,통과,1순위,판단 이유 카드 - 한눈에 보기,여러 대분류의 판단근거 기록 존재,1. 6-1 판단 이유 카드(한눈에 보기) 확인,파이차트와 우측 범례(색상칩·라벨·건수·비율)가 정상적으로 매핑되어 노출된다,"도맛차트(차트를 보고 9건, 다른 사람 이야기를 듣고 3건) + 우측 범례(색상칩·라벨·건수)가 정상 매핑되어 노출됨"
18,6-1,실패,2순위,판단 이유 카드 - 자세히 보기,여러 대분류-소분류 조합의 판단근거 기록 존재,"1. '자세히 보기' 전환
2. 대분류별 소분류 파이차트 확인","대분류 개수만큼 소분류 파이차트가 나열되고, 각 파이 옆에 소분류 범례가 붙는다",'자세히 보기' 토글/버튼이 화면에 존재하지 않음. 접근성 트리 검색과 전체 화면 스크롤로도 미검출됨. 대분류 파이차트(한눈에 보기)만 구현되어 있고 소분류 파이차트로 전환하는 기능 자체가 없음
20,6-1,실패,1순위,매매 당시 마음 상태 카드 - 매수/매도 독립 파이,매수/매도 각각 당시상태 기록 존재,1. 6-1 당시 마음 상태 카드 확인,매수/매도 독립 파이차트 2개와 각각의 범례가 나란히 표시된다,"스펙은 매수/매도 독립 파이차트 2개를 요구하나, 실제 화면은 '당시 상태 분포'라는 단일 가로 막대바 리스트로만 구현되어 있음. 파이차트 형태도 아니고 매수/매도 분리도 없음"
21,6-1,실패,2순위,당시 마음 상태 카드 - 한쪽 0건 예외,매수 또는 매도 중 한쪽 기록이 0건인 상태,1. 6-1 당시 마음 상태 카드 확인,"0건인 쪽에 회색 빈 원과 '아직 기록 없음' 문구가 표시되고, 레이아웃 자리는 유지된다",20번 항목(매수/매도 독립 파이)이 파이차트로 구현되어 있지 않아 '한쪽 0건 시 회색 빈 원+아직 기록없음' 처리도 확인 불가. 현재 매도 0건 상태에서도 매도 관련 별도 표시가 전혀 없고 단일 리스트에 매수 데이터만 반영됨
22,6-1,통과,2순위,'다른 데 돈이 필요했다' 항목 대시보드 포함 여부 회귀 테스트,매도 당시상태로 '다른 데 돈이 필요했다'를 선택한 기록 존재,1. 6-1 당시 마음 상태(매도) 파이차트/범례 확인,'다른 데 돈이 필요했다' 항목이 제외되지 않고 다른 항목과 동일하게 포함되어 노출된다 (카드 발행 로직의 집계제외 규칙은 이 대시보드엔 적용되지 않음),실측: 매도 당시상태로 '다른 데 돈이 필요했다'를 선택한 기록 1건 추가 후 대시보드 '당시 상태 분포'에 해당 항목이 제외되지 않고 다른 항목과 동일하게 1건으로 정상 노출됨을 확인.
23,6-1,실패,1순위,자주 겹치는 조합 TOP3 표시,판단근거×당시상태 조합이 서로 다른 빈도로 여러 건 존재,1. 6-1 자주 겹치는 조합 카드 확인,상위 3개 조합이 막대바+건수로 정확히 표시된다,'자주 격치는 조합' TOP3 카드 자체가 6-1 화면에 존재하지 않음(최하단까지 스크롤 확인 + 접근성 트리 검색으로도 미검출)
24,6-1,실패,2순위,자주 겹치는 조합 동률 정렬,"동일 건수를 가진 조합이 2개 이상 존재, 발생 시점이 다름","1. 동률 조합의 발생 순서 확인
2. 6-1 TOP3 카드에서 노출 순서 확인",동률 조합은 발생 최신순으로 정렬되어 노출된다,23번과 동일하게 TOP3 카드 자체가 존재하지 않아 동률 정렬 로직 검증 불가
25,6-1,실패,1순위,TOP3 조합 집계 스코프 검증(전체기록 vs 최근10건),"매매 기록이 10건을 초과하고, 오래된 기록에만 있는 조합 존재","1. 10건 이전 시점에만 존재하는 조합 포함해 기록 생성
2. 6-1 TOP3 카드에서 해당 조합 반영 여부 확인","카드 발행 로직의 '최근 10건 윈도우'가 아니라 전체 매매기록 기준으로 집계되어, 오래된 기록의 조합도 반영된다",23번과 동일하게 TOP3 카드 자체가 존재하지 않아 집계 스코프(전체 vs 최근10건) 검증 불가
26,6-1,통과,1순위,6-1 기본 진입 조건,전체 매매기록 1건 이상,1. 인사이트 탭 진입,6-1(대시보드: 기록 있음)이 기본으로 노출된다,매매기록 4건 존재 상태에서 인사이트 탭 진입 시 6-1(대시보드-기록있음)이 기본으로 노출됨
27,6-2,통과,1순위,6-2 헤더 문구 동일성,전체 매매기록 0건,1. 인사이트 탭 진입,"헤더 문구(""인사이트""/""나의 기록 통계""/서브카피)가 6-1과 동일하게 노출된다","0건 상태에서 헤더 영역 확인: ""인사이트"" / ""나의 기록 통계"" / ""전체 매매 기록을 기준으로 정리했어요"" - 1건 이상 있는 상태(6-1)와 동일한 헤더 문구가 노출됨. 기대결과 충족."
28,6-2,실패,1순위,6-2에서 경향해석 탭 비활성,"전체 매매기록 0건, 6-2 진입 상태",1. 경향해석 탭 클릭,"대시보드 탭은 활성 상태를 유지하고, 경향해석 탭은 클릭해도 화면이 전환되지 않는다","전체 매매기록 0건 상태에서 경향해석 탭을 클릭하면 비활성화되지 않고 정상적으로 클릭되어 화면이 전환됨. 자체 빈 상태 문구 노출: ""아직 반복 패턴 카드가 없어요 / 같은 판단 근거와 당시 상태가 3건 모이면 관찰·해석 문장으로 보여 드려요. 매수 0/3 · 매도 0/3"". 스펙(클릭해도 화면 전환 없음)과 불일치."
29,6-2,실패,1순위,6-2 안내 문구 노출,전체 매매기록 0건,1. 6-2 화면 확인,"""아직 기록이 없어요"" + ""매매를 기록하면 나만의 통계가 이렇게 채워져요"" 문구가 정확히 노출된다","실제 0건 상태 문구는 ""0건 / 지금까지 기록한 매매 / 매수 0건·매도 0건"" + 카드별 ""기록이 더 쌓이면 일자별 추이가 그려져요"" / ""판단 근거를 고른 기록이 아직 없어요"" 등으로, 스펙이 기대한 ""아직 기록이 없어요"" + ""매매를 기록하면 나만의 통계가 이렇게 채워져요"" 문구와 다름. 별도의 6-2 안내 카피 자체가 존재하지 않고 6-1 레이아웃을 각 카드별 0건 placeholder로 재사용하는 구조."
30,6-2,실패,2순위,예시 카드 캐러셀 구성·순서,전체 매매기록 0건,1. 6-2 예시 카드 캐러셀 확인,카드 5개(계획이행현황/매매추이/판단근거분포/당시상태분포/자주겹치는조합)가 정해진 순서로 배치된다,"0건 상태 화면 전체를 스크린샷/스크롤로 확인한 결과 예시 카드 캐러셀 자체가 존재하지 않음. 6-1과 동일한 카드형 레이아웃(요약/매매추이/계획이행현황/판단이유)이 세로로 나열되고 각 카드가 개별 0건 placeholder 텍스트를 표시할 뿐, 캐러셀·5개 예시카드 구성은 구현되어 있지 않음."
31,6-2,실패,1순위,예시 카드 캐러셀 초기 노출·peeking,"전체 매매기록 0건, 6-2 최초 진입",1. 6-2 진입 직후 캐러셀 상태 확인,"카드1(매매추이)은 전체가 보이고, 카드2(판단근거분포)는 우측 일부만 peeking 노출되어 스와이프 가능함을 암시한다",30번과 동일 사유: 예시 카드 캐러셀이 구현되어 있지 않아 peeking 노출 개념 자체가 적용 불가. 실제로는 세로 스크롤 카드 리스트만 존재.
32,6-2,실패,2순위,예시 카드 배지 노출,전체 매매기록 0건,1. 각 예시 카드 우상단 확인,"카드 5개 모두 우상단에 ""예시"" 배지가 부착되어 있다","예시 카드 개념이 없으므로 ""예시"" 배지도 어디에도 부착되어 있지 않음. 각 카드는 실제 데이터 카드와 동일한 형태로 0건 상태만 표시."
33,6-2,실패,1순위,캐러셀 점 인디케이터 표시,전체 매매기록 0건,1. 캐러셀 하단 점 인디케이터 확인,"점 인디케이터 5개가 있고, 현재 카드 위치가 검정색으로 표시된다",캐러셀이 없으므로 점 인디케이터도 존재하지 않음.
34,6-2,실패,1순위,캐러셀 스와이프·인디케이터 클릭 이동,전체 매매기록 0건,"1. 좌우로 스와이프해 카드 이동
2. 점 인디케이터 클릭으로 특정 카드로 이동",스와이프와 인디케이터 클릭 모두 정확한 카드 위치로 이동한다,캐러셀·인디케이터가 구현되어 있지 않아 스와이프/클릭 이동 자체를 테스트할 대상이 없음.
35,6-2,실패,1순위,6-2 하단 CTA 진입 이동,전체 매매기록 0건,"1. ""첫 매매 기록하기"" 버튼 클릭",매매 기록 플로우 시작 화면(4-1.a)으로 이동한다,"0건 상태의 인사이트 대시보드 화면 전체를 확인했으나 ""첫 매매 기록하기"" 같은 하단 CTA 버튼이 인사이트 화면 내에는 존재하지 않음(홈 화면의 ""매매 기록하기"" 타일과는 별개). 인사이트 화면에서 기록 플로우로 바로 진입하는 CTA 자체가 없어 기대결과 검증 불가/미구현."
37,6-3,실패,1순위,6-3 헤더 문구 노출,매수·매도 누적기록이 각각 0<n<3건 (카드 미발행 상태),1. 경향해석 탭 진입,"""반복되는 판단을 보여드려요"" + ""매수·매도 판단은 각각 따로 집계돼요"" 문구가 정확히 노출된다","실제 노출 문구는 ""아직 반복 패턴 카드가 없어요 / 같은 판단 근거와 당시 상태가 3건 모이면 관찰·해석 문장으로 보여 드려요. 매수 N/3 · 매도 N/3""으로, 스펙이 기대하는 ""반복되는 판단을 보여드려요"" + ""매수·매도 판단은 각각 따로 집계돼요"" 문구와 완전히 다름."
38,6-3,통과,1순위,6-3 탭 활성 표시,6-3 진입 상태,1. 탭바 확인,경향해석 탭이 활성 상태(밑줄)로 표시된다,경향해석 탭이 밑줄로 활성 표시됨 확인.
39,6-3,실패,1순위,매수 진행박스 레이아웃,매수 누적기록 0<n<3,1. 6-3 매수 진행박스 확인,"""매수"" 라벨, ""N/3건"" 카운트, 3칸 세그먼트 바, 안내문구가 정확히 노출된다","스펙이 기대하는 ""매수"" 단독 라벨+카운트+3칸 세그먼트바 형태의 진행박스가 아니라, ""매수·N/3"" 배지 + 판단근거명 타이틀 + 당시상태 안내문구로 구성된 ""후보(판단근거×당시상태 조합) 카드"" 형태임. 3칸 세그먼트 바는 존재하지 않음."
40,6-3,실패,1순위,매수 세그먼트 채움 수 계산,매수 누적기록 0건/1건/2건 각각의 상태,"1. 매수 누적 0건 상태에서 세그먼트 바 확인
2. 1건, 2건일 때 각각 재확인","채워진 세그먼트 수 = min(누적기록수, 3)으로 각 케이스에서 정확히 계산된다","시각적 3칸 세그먼트 바 UI 자체가 존재하지 않아 검증 대상이 없음. 단, 배지의 텍스트 카운트는 min(n,3) 로직대로 정확히 동작함을 실측로 확인(매수 1건→1/3, 2건→2/3)."
41,6-3,통과,2순위,매수 잔여 건수 안내문구 계산,매수 누적기록 2건,1. 6-3 매수 진행박스 안내문구 확인,"잔여건수(3-누적) 계산이 정확하다 (예: 2건 쌓였으면 ""1건만 더 기록하면..."")","매수 누적 2건 상태에서 안내문구 ""...조합이 1건 더 쌓이면 카드가 발행돼요""로 잔여건수(3-2=1) 계산이 정확히 맞음. 문구 형식은 스펙 예시(""1건만 더 기록하면"")와 다르나 계산 로직 자체는 일치."
42,6-3,통과,1순위,매도 진행박스 독립 계산,"매수와 매도 누적기록 수가 서로 다른 상태(예: 매수 1건, 매도 2건)",1. 매도 진행박스의 세그먼트/안내문구 확인,"매도 진행박스가 매수와 별개로 동일한 로직(min(n,3), 잔여=3-n)으로 정확히 계산·표시된다","실측: 매수 2건/매도 1건으로 서로 다른 상태에서 두 후보박스가 각각 독립적으로 ""매수·2/3""/""매도·1/3""로 정확히 표시되고 잔여문구도 각각 정확함을 확인."
43,6-3,통과,2순위,진행박스 인터랙션 불가,6-3 진입 상태,1. 매수/매도 진행박스 클릭 시도,진행박스는 클릭 등 인터랙션이 동작하지 않는다,후보카드 클릭 시 아무런 반응/화면 전환이 없음.
44,6-3,실패,1순위,6-3 하단 CTA 이동,6-3 진입 상태,"1. ""매매 기록하기"" 버튼 클릭",매매 기록 플로우 시작 화면(4-1.a)으로 이동한다,"6-3(경향해석 후보카드) 화면 하단에 ""매매 기록하기"" CTA 버튼 자체가 존재하지 않음(화면에는 후보카드와 맥량 문구만 존재)."
45,6-3,통과,1순위,6-3 진입 조건 검증,매수·매도 누적기록이 각각 0<n<3,1. 경향해석 탭 진입,0<매수누적<3 AND 0<매도누적<3 조건을 만족할 때만 6-3이 노출된다,매수 2건·매도 1건(각각 0<n<3) 상태에서 후보카드 형태의 6-3 화면이 정상 노출됨을 확인.
46,6-3,실패,1순위,매수/매도 중 한쪽만 0건인 경우 노출 화면 확인,"매수 누적기록 0건, 매도 누적기록 1~2건 (또는 그 반대 케이스)","1. 경향해석 탭 진입
2. 노출되는 화면이 6-2, 6-3 중 무엇인지 확인",6-3 진입조건(0<매수<3 OR 0<매도<3)별 실제 노출 화면(6-2 또는 6-3 중 하나),"실측: 매수 2건·매도 0건 상태에서 6-2(빈 상태) 또는 완전한 6-3이 아닌 제3의 혼합 형태가 노출됨: 헤더 문구는 ""매수 2/3 · 매도 0/3""로 두 값 모두 표시되지만, 실제 후보카드는 매수 카드 1개만 노출되고 매도 카드는 아예 나타나지 않음(0건이라 후보 자체가 없으므로). 이는 엄격한 진입조건(0<매수<3 AND 0<매도<3)을 위반한 채 6-3 스타일 화면을 부분적으로 계속 노출하는 제3의 동작으로, 기획 의도(6-2 또는 6-3 중 하나를 명확히 택해야 함)와 불일치"
47,6-3,실패,1순위,카드 첫 발행 후 6-3 이탈 지속성,매수 또는 매도 중 한쪽에서 카드가 1장 발행된 상태,"1. 카드 발행 직후 경향해석 탭 확인
2. 발행되지 않은 쪽의 누적 조건이 이후에도 6-3 조건을 만족하는지와 무관하게 재확인","한쪽이라도 카드가 발행되면 6-3에서 완전히 벗어나며, 이후 다른 쪽 조건과 무관하게 다시 돌아오지 않는다","실측: 매수 3건(동일 조합) 달성으로 카드가 실제로 발행되었으나(narrative1/2 문장 노출 확인: ""시장 전체 분위기를 근거로 매수했고... 3회 반복했다""), 경향해석 탭 화면에서 매도 후보카드(매도·1/3, 아직 미발행)가 발행된 매수 카드와 동일 화면에 함께 계속 노출됨. 즉 ""한쪽이라도 카드가 발행되면 6-3에서 완전히 벗어난다""는 스펙 전제와 달리, 실제 구현은 발행된 카드와 미발행 후보를 한 화면에 혼합 노출하는 구조임. 이는 스펙이 가정하는 ""6-3/6-4/6-5...""의 이산적(discrete) 화면 전환 개념과 근본적으로 다른 정보 구조로, 후속 48번 이후 항목들의 전제(독립된 6-4/6-5/6-6/6-7/6-8 화면 존재)에 구조적 영향을 주는 중요 발견임."
48,6-4,통과,1순위,6-4 헤더 문구 동일성,"발행일자그룹 정확히 1개, 카드 1장(매수 또는 매도)만 존재",1. 경향해석 탭 진입,헤더 문구와 탭바(경향해석 활성)가 6-3과 동일하게 노출된다,"페이지 상단 헤더(""인사이트/나의 기록 통계"")와 탭바가 6-3 상태와 동일하게 유지됨."
49,6-4,실패,2순위,정책 안내박스 문구 노출,6-4 진입 상태,1. 정책 안내박스 확인,"""기록 3개가 쌓일 때마다 새 카드 발행을 시도해요"" + ""뚜렷한 경향이 안 보이면 이번엔 카드가 발행되지 않을 수 있어요"" 문구가 정확히 노출된다","카드가 1개라도 발행되면 정책 안내박스(""기록 3개가 쌓일 때마다..."") 자체가 화면에서 사라짐. 미발행 후보 상태에만 비슷한 문구(""같은 판단 근거와 당시 상태가 3건 모이면..."")가 노출되며, 이는 스펙이 기대하는 문구와도 다름."
50,6-4,통과,1순위,정책 안내 카피와 실제 발행 로직 불일치 여부 확인,개발 구현 코드/정책문서 3-2 확인 가능한 상태,"1. 화면 카피와 정책문서 3-2의 실제 발행 판정 조건을 대조
2. 개발 구현이 화면 카피 문구(단순화된 안내)를 그대로 로직화하지 않았는지 코드 리뷰 또는 QA로 확인","실제 발행 판정은 정책문서 3-2 기준을 따르고, 화면 카피 문구만으로 로직이 재구현되지 않았다",실측상 3건·동일조합 100% 비율에서 정상 발행된 것은 확인(정책문서 3-2 기준과 모순되지 않음).
51,6-4,실패,1순위,날짜그룹 컨테이너 레이아웃,6-4 진입 상태,1. 날짜그룹 컨테이너 확인,"테두리+배경 구분, 좌측 발행일자 타이틀, 같은 행 우측 상단 ""이 날짜의 카드 전체보기"" CTA가 정확히 배치된다","카드 자체에 발행일자 표시가 전혀 없고(""09.07""은 홈 화면의 알림에만 노출됨), 테두리+배경 구분된 날짜그룹 컨테이너가 존재하지 않으며, ""이 날짜의 카드 전체보기"" CTA도 없음."
52,6-4,실패,1순위,발행 카드 구성 요소 노출,6-4 진입 상태,1. 카드 1장의 구성요소 확인,"좌측 accent bar(매수/매도 색상 구분), reason chip, narrative1, narrative2, ""관련 기록 N건→"" 링크가 모두 노출된다","실제 발행 카드는 accent bar(좌측 색상 막대) 없이 단일 배경 카드로, 상단 배지 ""매수·3건 반복""(연하색)만 유형을 구분함. narrative1/2 문장과 ""관련 기록 N건 보기"" 링크는 존재하나, 스펙이 기대하는 별도 reason chip(매매유형·판단근거·표본수 형식)은 존재하지 않음."
53,6-4,실패,1순위,reason chip 포맷 검증,표본수와 판단근거 메타라벨이 명확한 카드 1장,1. reason chip 텍스트 확인,"""{아이콘}+{매매유형}·{판단근거 메타라벨}·{표본수}건"" 형식과 정확히 일치한다 (예: ""매수·차트 패턴·5건"")","실제 배지 텍스트는 ""매수·3건 반복""로, 스펙이 기대하는 ""{아이콘}+{매매유형}·{판단근거 메타라벨}·{표본수}건"" 형식과 전혀 다름(판단근거 메타라벨 자체가 배지에 노출되지 않음)."
54,6-4,통과,2순위,판단근거 메타라벨 narrative 중복 노출 여부,reason chip에 판단근거 메타라벨이 표시된 카드,"1. narrative1, narrative2 문장 내용 확인",reason chip의 판단근거 메타데이터 라벨이 narrative1/narrative2 문장 안에는 그대로 중복 노출되지 않는다,"reason chip 자체가 판단근거 메타라벨을 노출하지 않아 중복 이슈가 구조적으로 발생하지 않음. narrative 문장(""시장 전체 분위기를 근거로"")도 라벨 문자열을 그대로 반복하지 않고 자연어로 풀어쓰는 방식을 사용."
55,6-4,실패,1순위,'이 날짜의 카드 전체보기' 이동·파라미터 전달,6-4 진입 상태,"1. ""이 날짜의 카드 전체보기"" 클릭",6-7로 이동하며 발행일자가 파라미터로 정확히 전달된다,"""이 날짜의 카드 전체보기"" CTA 자체가 화면에 존재하지 않아 클릭·파라미터 전달 검증이 불가능함(51번과 동일 사유: 날짜그룹 컴테이너와 해당 CTA가 실제 구현에 없음)."
56,6-4,통과,1순위,'관련 기록 N건→' 단독 클릭 가능,6-4 진입 상태,"1. 카드 내 다른 영역 클릭 시도
2. '관련 기록 N건→' 링크 클릭","링크 텍스트 영역만 클릭 가능하며, 클릭 시 6-8로 이동한다","카드 내 다른 영역(배지·제목·narrative) 클릭 시는 반응이 없고, ""관련 기록 N건 보기"" 링크만 단독으로 클릭 가능하며 클릭 시 /insights/related 페이지로 이동함."
57,6-4,보류,1순위,6-4 진입 조건 검증,"발행일자그룹이 정확히 1개, 카드 1장만 존재",1. 경향해석 탭 진입,발행일자그룹 1개 + 카드 1장(매수 또는 매도) 조건일 때만 6-4가 노출된다,"매수측만 보면 ""발행일자그룹 1개+카드 1장"" 조건을 충족하나, 실제 화면에는 동시에 매도 후보카드(미발행)가 함께 노출되어, 스펙이 상정하는 ""카드 1장만 존재하는 단일 화면""과는 구조적으로 다름. 추가 검증 필요."
58,6-5,실패,1순위,6-5 헤더/정책안내 동일성,같은 날짜그룹에 매수1+매도1 카드 존재,1. 경향해석 탭 진입,헤더/탭바/정책안내박스 문구가 6-4와 동일하게 노출된다,"페이지 외부 헤더/탭바는 6-4와 동일하지만, 카드가 둘 다 발행된 상태에서는 정책안내박스 자체가 화면에 존재하지 않음(49번과 동일 사유)."
59,6-5,실패,1순위,매수/매도 카드 고정 순서 배치,같은 날짜그룹에 매수1+매도1 카드 존재,1. 날짜그룹 컨테이너 내 카드 순서 확인,"매수 카드가 상단, 매도 카드가 하단에 고정된 순서로 배치된다","실측: 매도 카드가 상단, 매수 카드가 하단에 배치됨(매도가 더 나중에 발행되어 최신순으로 상단 노출). 스펙이 기대하는 ""매수 고정 상단/매도 고정 하단"" 순서가 아니라 발행시각 최신순 정렬임."
60,6-5,실패,1순위,매도 카드 reason chip 포맷 검증,"매도 카드에 커뮤니티·SNS 정보 판단근거, 표본수 3건",1. 매도 카드 reason chip 확인,"""매도·커뮤니티·SNS 정보·3건"" 형식과 정확히 일치한다","실제 배지는 ""매도·3건 반복""으로 매수와 동일한 형식이며, 스펙의 ""매도·커뮤니티·SNS 정보·3건"" 형식과는 다름(판단근거 메타라벨 미표시)."
61,6-5,실패,1순위,6-5 인터랙션 동작 확인,6-5 진입 상태,"1. ""이 날짜의 카드 전체보기"" 클릭
2. 되돌아와 ""관련 기록 N건→"" 클릭","두 인터랙션 모두 6-4와 동일하게 각각 6-7, 6-8로 정확히 이동한다","""관련 기록 N건 보기"" 링크는 정상 동작(각카드별 해당 3건 목록으로 이동)하지만, ""이 날짜의 카드 전체보기"" CTA 자체가 존재하지 않아 둘 중 하나의 인터렉션만 확인 가능."
62,6-5,통과,1순위,6-5 진입 조건 검증,같은 날짜그룹에 매수1+매도1 카드 존재,1. 경향해석 탭 진입,같은 날짜그룹에 매수1+매도1 카드가 함께 있을 때만 6-5가 노출된다,실측: 같은 날(오늘) 내에 매수 카드 1장+매도 카드 1장이 함께 존재하는 상태에서 정확히 이 화면(두 카드 동시 노출)이 나타남을 확인.
63,6-6,실패,1순위,6-6 헤더/정책안내 동일성,발행 날짜그룹이 2개 이상 누적된 상태,1. 경향해석 탭 진입,헤더/탭바/정책안내박스 문구가 동일하게 노출된다,"헤더/탭바 문구는 6-1~6-5와 동일하게 유지됨. 다만 카드가 하나라도 발행된 이후에는 정책 안내박스 자체가 화면에서 사라짐(#49/#58에서 이미 확인). '정책안내박스 문구가 동일하게 노출된다'는 기대와 달리, 발행 상태에서는 해당 문구가 아예 노출되지 않음."
64,6-6,실패,1순위,날짜그룹 최신순 정렬,서로 다른 날짜의 발행 그룹 3개 이상,1. 6-6에서 날짜그룹 나열 순서 확인,발행일자 내림차순(최신순)으로 세로 나열된다,"'날짜그룹' 컨테이너(테두리+배경으로 묶인 그룹 UI) 자체가 존재하지 않음. 개별 카드 단위로는 발행 최신순 정렬이 적용됨을 #59에서 확인(매도가 나중에 발행되어 상단 노출)했으나, 그룹 단위 정렬이 아닌 개별 카드 단위 정렬이라는 점에서 스펙이 전제하는 구조와 다름."
65,6-6,실패,1순위,그룹당 매수1+매도1 초과 금지,같은 날짜에 매수/매도 카드가 각각 존재하는 그룹,1. 각 날짜그룹의 카드 수 확인,한 그룹 내 카드는 매수1장+매도1장을 초과하지 않는다,"'그룹'이라는 UI 단위 자체가 없어 그룹 기준 카드 수 제한을 검증할 대상이 없음. 실측 결과 각 side(매수/매도)당 최신 카드 1장만 동시 노출되는 구조(#66)라 결과적으로 유사한 상한이 관찰되지만, 이는 '그룹'이 아닌 '슬롯(매수/매도)' 개념에 따른 것으로 스펙의 전제와 다름."
66,6-6,실패,1순위,같은 날짜·같은 side 재발행 시 최신 카드만 노출,같은 날짜·같은 side(예: 매수)에서 카드가 2회 이상 재발행된 상태,"1. 6-6에서 해당 날짜그룹의 카드 내용 확인
2. 6-7(날짜별 카드 전체보기)에서 같은 날짜의 전체 카드 목록과 대조","6-6에는 발행시각이 가장 늦은 카드만 노출되고, 이전 재발행 카드는 메인 화면에 노출되지 않으며 6-7에서만 열람 가능하다","실사: 매수 기록을 3건→6건으로 늘려 재발행을 유도함. 결과, 매수 슬롯에는 카드 1장만 노출되고 배지가 '매수·3건 반복'→'매수·6건 반복'으로, 관련기록 링크도 '3건 보기'→'6건 보기'로 갱신되어 '최신 카드만 노출'이라는 결과 자체는 부합함. 단, 카드 본문 서술(narrative2)은 갱신되지 않고 '계획대로여서 특별한 느낌 없이 3회 반복했다'라는 구버전 문구가 그대로 남아 배지·관련기록 건수(6)와 본문 텍스트(3회) 간 불일치가 발견됨. 또한 '이전 재발행 카드는 6-7에서만 열람 가능'이라는 기대와 달리, 이전 카드(3건 시점) 내용을 열람할 수 있는 화면/경로가 전혀 없음(6-7 화면 자체 부재) — 데이터 손실은 아니나 접근 불가."
67,6-6,보류,2순위,최근 10개 날짜 제한 및 접근 경로 부재 검증,발행 날짜그룹이 11개 이상 누적된 상태,"1. 6-6에서 노출되는 날짜그룹 개수 확인
2. 11번째로 오래된 날짜그룹에 접근할 다른 경로(검색/아카이브 등)가 있는지 전체 탐색","11번째로 오래된 날짜그룹부터 자동으로 목록에서 제외되고, 그 데이터에 접근할 다른 경로가 전혀 없다 (데이터 자체는 삭제되지 않음)",시스템 날짜가 2026-09-07 하루로 고정되어 있어 서로 다른 11개 날짜의 데이터를 생성할 수 없는 환경적 제약으로 실사 검증 불가.
69,6-6,실패,1순위,6-6 각 그룹 인터랙션 동작 확인,날짜그룹 2개 이상 존재,"1. 각 그룹에서 ""이 날짜의 카드 전체보기"" 클릭
2. 각 그룹에서 ""관련 기록 N건→"" 클릭","각 그룹에서 두 인터랙션 모두 정상 동작(6-7, 6-8로 이동)한다",'이 날짜의 카드 전체보기' CTA는 화면에 존재하지 않음(#51 등에서 반복 확인). '관련 기록 N건→' 링크는 정상 동작함을 재확인(클릭 시 관련 기록 화면으로 정확히 이동).
70,6-7,실패,1순위,6-7 상단 헤더 날짜 표시,특정 날짜(예: 2026-08-31)의 카드 전체보기 진입,1. 날짜그룹 CTA를 통해 6-7 진입,"상단 back 버튼 + 타이틀 ""YYYY-MM-DD 발행 카드 전체보기""에 실제 날짜가 정확히 표시된다",6-7에 해당하는 화면(날짜별 카드 전체보기)이 앱에 존재하지 않음. 진입 CTA 자체가 없어 헤더 문구를 확인할 대상 화면이 없음 — 구조 불일치로 검증 불가.
71,6-7,실패,2순위,back 버튼 복귀 경로 검증(양방향),케이스A - 발행 히스토리(6-6)에서 6-7 진입 / 케이스B - 발행 1건·2건(6-4/6-5)에서 6-7 진입,"1. 케이스A로 진입 후 back 클릭
2. 케이스B로 진입 후 back 클릭",각 케이스 모두 진입 전 화면(6-6 또는 6-4/6-5)으로 정확히 복귀한다,6-7 화면 자체가 존재하지 않아 back 복귀 경로를 검증할 대상이 없음 — 구조 불일치로 검증 불가.
72,6-7,실패,2순위,정렬 안내 문구 노출,6-7 진입 상태,1. 상단 정렬 안내 문구 확인,"""발행시간 최신순 정렬"" 문구가 노출된다",6-7 화면 자체가 존재하지 않아 정렬 안내 문구를 확인할 대상이 없음 — 구조 불일치로 검증 불가.
73,6-7,실패,1순위,재발행 카드 전체 노출 검증,같은 날짜·같은 side에서 재발행이 2회 이상 발생한 상태,"1. 6-6에서 해당 날짜그룹의 노출 카드 수 확인
2. 6-7에서 같은 날짜의 카드 목록 전체 확인","해당 날짜에 발행된 모든 카드(매수+매도, 같은 side 재발행 전부 포함)가 6-7에는 전부 노출된다 (6-6에서 숨겨졌던 카드 포함)",6-7 화면이 없어 숨겨진 이전 재발행 카드(#66에서 확인한 3건 시점 매수 카드)를 열람할 방법이 전혀 없음. 데이터 자체는 삭제되지 않지만 접근 경로가 없어 '6-7에서는 전부 노출된다'는 기대와 정면으로 다름.
74,6-7,실패,1순위,카드 정렬 기준 검증,한 날짜에 발행시각이 다른 카드 3장 이상,1. 6-7 카드 리스트의 정렬 순서 확인,발행시각 내림차순으로 정확히 정렬된다,6-7 화면 자체가 존재하지 않아 카드 정렬 기준을 검증할 대상이 없음 — 구조 불일치로 검증 불가.
76,6-7,실패,1순위,메인화면 노출 카드와의 동일성 검증,특정 날짜에 side별 최신 카드가 메인화면(6-6)에 노출 중인 상태,"1. 6-6에서 해당 날짜 카드 내용 캡처
2. 6-7에서 같은 side의 최상단(최신) 카드 내용과 대조",각 side의 최신 카드(리스트 맨 위)가 메인 화면에 노출 중인 카드와 완전히 동일하다,6-7 화면이 없어 메인 화면 카드와 대조할 대상 자체가 없음 — 구조 불일치로 검증 불가.
77,6-7,실패,2순위,카드 스냅샷 고정 검증,"카드가 이미 발행된 상태에서, 그 발행에 연관된 매매 기록이 존재","1. 카드 발행 시점의 narrative1/2·reason chip·관련기록건수 기록
2. 연관된 매매 기록을 수정 또는 삭제
3. 6-7에서 해당 카드 재확인",기록을 수정·삭제해도 카드의 narrative1/2·reason chip·관련기록건수가 변하지 않고 발행 시점 값 그대로 유지된다,"실측 결과, 매수 기록을 3건→6건으로 늘리자 카드의 배지('매수·N건 반복')와 관련기록 건수가 6으로 갱신되어 '발행 시점 값 그대로 유지'라는 기대와 다름(스냅샷이 아니라 재계산됨). 반면 카드 본문 서술(narrative) 텍스트는 갱신되지 않고 '3회 반복했다'로 구버전 그대로 남아 있어, 같은 카드 내에서도 항목별로 스냅샷 고정 여부가 다른 내부 불일치가 발견됨(#66과 동일 실측)."
78,6-7,실패,2순위,6-7 최하단 안내문구 노출,6-7 진입 상태,1. 화면 최하단 안내문구 확인,"""카드 내용은 발행 당시 그대로 보존돼요. 메인 화면(경향해석 탭)에는 매수·매도 슬롯당 최신 카드 1장만 노출돼요."" 문구가 정확히 노출된다",6-7 화면 자체가 없어 해당 안내문구도 존재하지 않음. 참고로 경향해석 메인 피드 최하단에는 이 안내문구 대신 투자자문업 관련 일반 면책 문구만 노출됨(#49 등에서 확인).
79,6-7,통과,1순위,'관련 기록 N건→' 단독 클릭·이동,6-7 진입 상태,"1. 카드 내 다른 영역 클릭 시도
2. '관련 기록 N건→' 링크 클릭",링크만 클릭 가능하며 클릭 시 6-8로 이동한다,"6-7 화면은 없지만 동일 기능을 수행하는 메인 피드 카드에서 카드 본문 클릭은 무반응(#43에서 확인)하고 '관련 기록 N건 보기' 링크만 클릭 가능하며, 클릭 시 관련 기록 화면(6-8 상당)으로 정상 이동함을 재확인."
80,6-8,통과,1순위,6-8 back 버튼 복귀,6-7(또는 6-4/5/6)에서 관련 기록 링크로 6-8 진입한 상태,1. back 버튼 클릭,진입 전 화면으로 정확히 복귀한다,"실측 결과, 관련 기록 화면(6-8 상당, /insights/related)의 '뒤로' 버튼 클릭 시 진입 전 화면(경향해석 탭)으로 정확히 복귀함을 확인. 기록 상세페이지의 back 버튼도 관련 기록 화면으로 정확히 복귀함을 함께 확인."
81,6-8,실패,2순위,6-8 정렬 안내 문구 노출,6-8 진입 상태,1. 상단 정렬 안내 문구 확인,"""기록일시 최신순 정렬"" 문구가 노출된다","관련 기록 화면(6-8 상당) 상단에 '기록일시 최신순 정렬' 같은 정렬 안내 문구가 노출되지 않음(실측 확인, get_page_text로 전체 텍스트 대조)."
82,6-8,실패,1순위,6-8 헤더 구성 확인,6-8 진입 상태,1. 헤더 영역 확인,"""기록"" 라벨 + ""+ 새 기록"" 버튼이 노출된다",헤더에 '기록' 라벨 + '+ 새 기록' 버튼 대신 '‹ 관련 기록' 타이틀과 해당 조합의 배지/서술문이 노출되는 다른 구성임(실측 확인). '+ 새 기록' 버튼은 이 화면에 존재하지 않음.
83,6-8,실패,1순위,기록 카드 기본 정보 노출,관련 기록 2건 이상 존재,1. 기록 카드 목록 확인,각 카드에 종목명/매수·매도 배지/매매일자/수량·매매가가 정확히 노출된다,목록의 각 기록 행에는 종목명/매수배지/일자/가격만 노출되고 수량은 노출되지 않음(실측: '엔비디아·매수·$440.00·09.07'만 표시). 수량은 행을 클릭해 상세페이지로 진입해야만 확인 가능.
84,6-8,실패,1순위,'매매이유' 표기 형식(줄바꿈 규칙),판단근거 소분류 선택값이 대분류 2개 이상에 걸쳐 존재하는 기록,1. 해당 기록 카드의 '매매이유' 영역 확인,"{대분류}·{소분류} 형식으로 나열되고, 대분류가 2개 이상일 때 대분류 1개당 줄바꿈 1회로 구분된다",관련 기록 목록의 개별 기록 행에는 '매매이유'(판단근거 대분류·소분류) 자체가 표기되지 않음. 해당 정보는 화면 상단의 조합 서술문(narrative)에 한 번만 등장하고 개별 기록 행에는 노출되지 않아 줄바꿈 규칙 자체를 검증할 대상이 없음.
85,6-8,실패,1순위,'그때 마음' 표기 형식(줄바꿈 규칙),당시상태 선택값이 2개 이상인 기록,1. 해당 기록 카드의 '그때 마음' 영역 확인,"선택값이 나열되고, 2개 이상일 때 선택값 1개당 줄바꿈 1회로 구분된다",동일 사유로 개별 기록 행에 '그때 마음'(당시상태) 표기가 없음. 상세페이지에서만 '당시 상태' 항목으로 단일 값이 노출됨을 확인(#86 실측).
86,6-8,통과,2순위,기록 카드 클릭 시 상세 이동,6-8 진입 상태,1. 기록 카드 1개 클릭,해당 기록의 상세페이지 화면으로 정확히 이동한다,실측 결과 목록의 기록 행 클릭 시 해당 기록의 상세페이지(/records/tr_...)로 정확히 이동하며 구분/종목/시장/가격/수량/일자/판단근거/당시상태가 모두 정상 노출됨을 확인.
88,플로우,통과,1순위,6-1 ↔ 6-2 실시간 전환 (플로우 크로스체크),"전체 매매기록 0건에서 1건으로, 혹은 그 역방향 상태 변화가 가능한 환경","1. 0건→1건 전환 확인(6-2→6-1)
2. (해당된다면) 마지막 기록 삭제 시 1건→0건 전환도 확인",기록 0건/1건 이상 전환이 실시간으로 정확히 반영된다,#36에서 이미 실사 확인됨: 기록 0건→1건 전환이 클라이언트 라우팅으로 실시간 반영됨.
89,플로우,실패,1순위,6-3 → 6-4/6-5 전환 (플로우 크로스체크),"6-3 조건(0<매수<3, 0<매도<3)을 만족하는 상태","1. 매수 또는 매도 중 한쪽의 카드가 처음 발행되도록 기록 추가
2. 경향해석 탭 재확인",카드가 처음 발행되는 순간 정확한 화면(6-4 또는 6-5)으로 전환된다,"카드가 처음 발행되는 순간 정책안내박스가 사라지고 카드가 노출되는 전환 자체는 실시간으로 일어남을 확인(최초 매수 카드 발행 시). 다만 이는 '6-3'과 '6-4/6-5'라는 서로 다른 화면 간 전환이 아니라, 동일한 단일 피드 내에서 카드 유무만 바뀌는 것으로, 스펙이 전제하는 이산적 화면 전환 구조 자체가 실제 구현과 다름(핵심 구조적 불일치, #47과 동일한 근거)."
90,플로우,실패,1순위,날짜그룹 CTA → 6-7 전달 파라미터 (플로우 크로스체크),6-4/6-5/6-6 중 하나에 날짜그룹 존재,1. 각 화면에서 '이 날짜의 카드 전체보기' 클릭,클릭한 날짜그룹의 날짜가 6-7에 정확히 전달된다,'이 날짜의 카드 전체보기' CTA 자체가 존재하지 않아 파라미터 전달 여부를 검증할 수 없음.
91,플로우,실패,1순위,6-7 → 6-8 이동 (플로우 크로스체크),6-7 진입 상태,"1. ""관련 기록 N건→"" 클릭",6-8로 정확히 이동한다,6-7 화면이 없어 '6-7→6-8' 전환 자체가 존재하지 않음. 다만 동일 기능을 하는 메인 피드 카드→관련 기록 화면 전환은 정상 동작함을 재확인.
92,플로우,통과,1순위,6-8 → 기록 상세페이지 이동 (플로우 크로스체크),6-8 진입 상태,1. 기록 카드 클릭,해당 기록 상세페이지로 정상 이동한다,#86과 동일 실측으로 확인됨: 관련 기록 목록에서 행 클릭 시 해당 기록 상세페이지로 정상 이동.
93,플로우,실패,1순위,인사이트 CTA → 매매기록 플로우 진입점 일치 (플로우 크로스체크),"6-1, 6-2, 6-3 각각 진입 가능한 상태","1. 6-1(있다면), 6-2, 6-3의 하단 CTA를 각각 클릭","모든 CTA가 매매 기록 플로우 시작 화면(4-1.a, 매수/매도 분리 플로우 진입점)과 정확히 연결된다","6-1/6-2/6-3 어디에도 매매 기록 플로우로 연결되는 CTA 버튼 자체가 존재하지 않음(#35, #44에서 이미 확인). CTA가 없으므로 진입점 일치 여부 자체를 확인할 수 없음."
94,정책로직,보류,1순위,매수/매도 카운트 완전 분리 검증,"매수 기록 2건, 매도 기록 5건 보유 상태","1. 매도 기록을 6건째로 추가한다
2. 매수 트랙의 발행 트리거/카운트 상태를 확인한다
3. 매도 트랙의 발행 트리거/카운트 상태를 확인한다",매도 기록 추가가 매수 트랙의 카운트·발행 트리거·분석 대상에 전혀 영향을 주지 않는다(매수는 여전히 2건). 매도는 6건째로 3-1(집계)→3-2(판정)가 재실행된다.,
95,정책로직,보류,1순위,최초 발행 - 3건 미만 무노출,매수(또는 매도) 기록 0건,"1. 첫 번째 기록을 추가하고 화면을 확인한다
2. 두 번째 기록을 추가하고 화면을 확인한다","기록이 3건 미만인 동안에는 3-1/3-2 로직이 실행되지 않으며, 카드·실패 메시지·플레이스홀더 무엇도 노출되지 않는다.",
96,정책로직,보류,1순위,최초 발행 - 조건 불만족 시 조용한 대기,"매수(또는 매도) 기록 3건, 표본수·비율 조건을 만족하는 조합 없음","1. 3건째 기록을 추가한다
2. 인사이트 관련 화면들을 확인한다","3-1→3-2가 재실행되지만 조건 불만족이므로 3-3(카피 변환)으로 넘어가지 않고, 실패 메시지나 플레이스홀더 카드 없이 아무것도 노출되지 않은 채 다음 기록을 기다린다.",
97,정책로직,보류,1순위,최초 발행 성공 케이스,"매수(또는 매도) 기록 3건, 그중 조건(표본수&비율)을 만족하는 당시상태+판단근거 조합 존재","1. 3건째 기록을 추가한다
2. 카드 발행 여부를 확인한다",3-3(카피 변환)까지 진행되어 사용자에게 카드가 노출된다.,
98,정책로직,보류,2순위,재발행 최소 간격 - 3건 경과 전 재시도 없음,특정 유형의 최초(또는 직전) 노출이 7건째에 발생,"1. 8건째 기록을 추가하고 재집계 여부를 확인한다
2. 9건째 기록을 추가하고 재집계 여부를 확인한다","직전 노출(7건째) 이후 3건이 채 쌓이지 않은 8, 9건째에는 3-1/3-2 재실행 자체가 일어나지 않는다. 10건째부터 재시도 가능해야 한다.",
99,정책로직,보류,1순위,재발행 - 3건 경과 후 매 건 재시도,"직전 노출 7건째, 10건째에 조건 불만족","1. 10건째 기록에서 조건 불만족을 확인한다
2. 11건째 기록을 추가한다","10건째에서 조건을 만족하지 못해도 포기하지 않고, 11건째부터는 매 신규 기록마다 3-1→3-2가 재실행되어야 한다.",
100,정책로직,보류,1순위,재발행 성공 시 새 기준점 설정,10건 경과 시점 이후 특정 건(예: 12건째)에서 조건 만족,"1. 12건째에 카드가 노출되는지 확인한다
2. 13, 14건째 기록을 추가하며 재시도 여부를 확인한다","12건째가 새로운 기준점이 되어, 13·14건째(3건 경과 전)에는 재시도가 일어나지 않고 15건째부터 다시 재시도 가능해야 한다.",
101,정책로직,보류,1순위,분석 윈도우 - 최근 10건 제한,특정 유형 기록 15건 누적,1. 발행 시점의 집계 대상 기록 범위를 확인한다,"발행 시점 기준 해당 유형의 최근 10건만 집계 대상이 되고, 11번째 이전 기록은 집계에서 제외된다.",
102,정책로직,보류,1순위,분석 윈도우 - 10건 미만 시 전체 사용,특정 유형 기록 5건 누적,1. 집계 대상 기록 범위를 확인한다,누적 건수가 10건 미만이므로 전체 5건이 집계 대상으로 사용된다.,
103,정책로직,보류,2순위,"""다른 데 돈이 필요했다"" 집계 제외 검증(분모 포함)","매도 기록 10건 중 3건이 ""다른 데 돈이 필요했다"" 당시상태",1. 표본수(N) 및 비율 계산 결과를 확인한다,"통계 계산에서 해당 3건이 완전히 제외되며, 표본수(N) 산정 시 분모(전체 건수)에서도 제외되어 실질 7건 기준으로 계산된다.",
104,정책로직,보류,2순위,중립 태그 정식 집계 대상 확인,"매수 기록 다수 중 ""계획대로여서 특별한 느낌은 없었다""(중립) 태그가 다수",1. 중립 태그의 등장 비율 계산 결과를 확인한다,"중립도 다른 감정 계열 태그와 동일한 방식으로 집계되며, 우세할 경우 ""계획대로 흔들림 없이 매매하고 있다""류 카드로 발행될 수 있다.",
105,정책로직,보류,1순위,비율 조건 경계값 - 표본 3~5건 50% 기준,"표본수 N=4, 윈도우 전체 8건(비율 정확히 50%)","1. 후보 판정 결과를 확인한다
2. 비율을 49.9%로 낮춘 케이스와 비교한다","정확히 50%는 조건을 충족(이상 포함)하고, 50% 미만은 불충족 처리된다.",
106,정책로직,보류,1순위,비율 조건 경계값 - 표본 6건 이상 40% 기준,"표본수 N=6, 윈도우 전체 15건(비율 40%)","1. N=6, 비율 40% 케이스의 판정 결과를 확인한다
2. N=5, 비율 40% 케이스와 비교해 기준 전환(50%→40%)이 정확히 6건에서 일어나는지 확인한다","N=6부터는 40% 기준이 적용되어 통과하고, N=5에서는 동일 비율(40%)이어도 50% 기준 미달로 불통과해야 한다.",
107,정책로직,보류,1순위,소분류 만족 시 대분류 후보 배제 (후보 풀 구성),"동일한 (당시상태 태그, 판단근거 대분류 그룹)에서 소분류 기준도 만족, 대분류 기준도 만족하는 상황",1. 후보 풀 구성 결과를 확인한다,소분류 기준이 이미 조건을 만족했으므로 동일 대분류의 후보는 후보 풀에 애초 추가되지 않는다. 즉 이 쌍에서는 소분류·대분류 후보가 동시에 top-2 경쟁에 들어가지 않는다.,
108,정책로직,보류,2순위,대분류만 만족 시 노출 문구 처리,"소분류 기준은 불만족, 대분류 기준만 만족",1. narrative1 생성 결과를 확인한다,"대분류명을 문장에 그대로 쓰지 않고, 실제 포함된 소분류들을 자연스럽게 풀어 쓴 문장으로 노출된다.",
109,정책로직,보류,1순위,Confidence Score 가중치 검증 (소분류 1.5 vs 대분류 1.0),"소분류 후보(N=5, 비율 62.5%)와 대분류 후보가 각각 계산 가능한 상황",1. 두 후보의 score 계산값을 비교한다(score = N × 비율 × 가중치),"소분류 매치는 가중치 1.5, 대분류 매치는 가중치 1.0이 적용되어 계산되고, 동시 충족 상황에서는 소분류 결과가 항상 우선 채택된다.",
110,정책로직,보류,1순위,동일 당시상태·다른 판단근거 조합 독립 유지(병합 금지),"같은 당시상태 태그가 판단근거 소분류A, 소분류B 조합에서 각각 조건 만족","1. 후보 풀 목록을 확인한다
2. 최종 발행 카드 2장의 내용을 비교한다","두 조합이 병합되지 않고 각각 독립된 후보로 후보 풀에 포함되며, 최종 발행 카드 2개가 같은 당시상태·다른 판단근거 조합으로 나올 수 있다.",
111,정책로직,보류,1순위,발행 개수 제한 - 후보(조합) 단위 top2,조건을 만족하는 후보(조합)가 3개 이상 존재,1. 최종 발행되는 카드 수를 확인한다,"confidence score 상위 최대 2개까지만 발행되며, 이 제한은 당시상태 태그 단위가 아니라 후보(조합) 단위로 적용된다.",
112,정책로직,보류,1순위,카드 저장 방식 - insert only (수정 불가),"기존 발행 카드 존재, 동일한 당시상태+판단근거 조합이 재선정됨",1. 재발행 시점의 카드 데이터 변화를 확인한다,기존 카드가 수정(update)되지 않고 항상 새 레코드로 추가(insert)되어 발행 히스토리가 누적된다. 완전히 동일한 조합이 재선정되어도 병합되지 않는다.,
113,정책로직,보류,1순위,기록 삭제가 기발행 카드에 영향 없음 (스냅샷 고정),"카드 발행 완료 후, 발행에 사용된 원본 매매 기록이 존재","1. 원본 기록을 삭제한다
2. 기존에 발행된 카드를 다시 확인한다","기록 수정은 불가하고 삭제만 가능하며, 삭제해도 이미 발행된 카드는 수정·무효화되지 않고 발행 시점의 스냅샷 그대로 유지된다.",
114,정책로직,보류,2순위,삭제 영향의 반영 시점,원본 기록 삭제 이후 상태,"1. 신규 기록을 추가해 재집계를 유발한다
2. 해당 조합이 조건을 더 이상 만족하지 못하는 경우 재발행 여부를 확인한다","삭제의 영향은 다음 신규 기록이 들어와 재집계될 때부터 반영된다. 해당 조합이 더 이상 조건을 만족하지 못하면 그 이후로는 재발행되지 않을 뿐, 기존 발행된 카드는 그대로 남는다.",
115,정책로직,보류,1순위,narrative1 톤·금칙어·필수어미 검증,narrative1 생성 완료,1. 생성된 narrative1 문장을 확인한다,"내부 태그명이 전체든 부분이든 노출되지 않고, ""충동적으로/성급하게/실수로"" 등 평가성 부사·형용사가 없으며, 문장이 지정된 필수 어미로 끝난다.",
116,정책로직,보류,2순위,narrative1 실패 시 재시도·대체발행,narrative1 API 호출 실패(타임아웃/5xx/rate limit) 또는 출력 검증 실패 상황(실제 재현은 백엔드 로그·모킹 확인이 필요),"1. 동일 프롬프트로 최대 2회까지 재시도되는지 확인한다
2. 재시도까지 모두 실패한 경우의 결과를 확인한다","최대 2회 재시도 후에도 실패하면, 당시상태 매핑 문장(3-3-2)의 어미만 필수 어미로 교체해 대체 발행한다(판단근거 언급 없이 당시상태 관찰만 노출). 카드 발행 자체는 막히지 않는다.",
117,정책로직,보류,1순위,"narrative2 - narrative1 문구 반복 금지, 다른 각도 서술","narrative1, narrative2 생성 완료",1. narrative1과 narrative2 문장을 비교한다,"narrative2는 narrative1에 이미 나온 판단근거 문구를 그대로 반복하지 않고, 그 판단근거와 함께 반복된 상황·심리를 다른 각도(반복빈도·행동경향 등)로 자연스럽게 풀어 설명한다.",
118,정책로직,보류,2순위,narrative2 실패 시 재시도·대체발행,narrative2 API/검증 실패 상황(재현 방법 확인 필요),"1. 최대 2회 재시도 여부를 확인한다
2. 재시도까지 실패한 경우의 대체발행 결과를 확인한다",재시도까지 실패하면 narrative1의 당시상태에 해당하는 3-3-2 매핑 테이블 고정 문장에서 어미만 확신도 어미(3-3-4)로 교체해 대체 발행한다.,
119,정책로직,보류,2순위,확신도 어미 - 표본수별 분기 검증,표본 3~5건 케이스와 6건 이상 케이스 각각 발행됨,"1. 표본 3~5건 카드의 문장 어미를 확인한다
2. 표본 6건 이상 카드의 문장 어미를 확인한다","3~5건은 ""~한 경향이 보여요"", 6건 이상은 ""~한 패턴이 반복되고 있어요""로 정확히 분기되어 노출된다.",