번호,화면,상태,우선순위,시나리오,사전조건,수행단계,기대결과,실제결과
1,온보딩,실패,1순위,'건너뛰기' 버튼을 0-2~0-6 중 어느 단계에서 누르더라도 0-7로 이동한다,-,0-2~0-6 각 단계에서 건너뛰기 클릭 → 0-7 이동 확인,'건너뛰기' 버튼을 0-2~0-6 중 어느 단계에서 누르더라도 0-7로 이동한다,바로 다음 단계로만 넘어감 (예: 1/4 단계 → 2/4 단계)
2,0-1,성공,2순위,헤더/푸터/GNB가 노출되지 않는다,-,온보딩 각 화면 진입 → 헤더/푸터/GNB 노출 여부 확인,헤더/푸터/GNB가 노출되지 않는다,
3,0-1,실패,1순위,비회원 상태 + 재진입 쿠키 없음 → 온보딩 페이지로 강제 리다이렉트된다,비회원 상태로 최초 접속,쿠키·로컬스토리지 삭제 후 사이트 접속 → 온보딩 리다이렉트 확인,비회원 상태 + 재진입 쿠키 없음 → 온보딩 페이지로 강제 리다이렉트된다,"  • 쿠키가 아니라 localStorage 기준으로 온보딩 노출 여부를 판단하는 것으로 추정
  • localStorage 필드: accountId, kakaoId, ni…opy, seenInsightKeys, seenWelcome"
4,0-1,실패,2순위,"리다이렉트와 동시에 재진입 쿠키가 갱신 저장되며, 만료기간이 14일로 설정된다",비회원 상태로 최초 접속,리다이렉트 직후 쿠키 값·만료기간(14일) 개발자 도구로 확인,"리다이렉트와 동시에 재진입 쿠키가 갱신 저장되며, 만료기간이 14일로 설정된다","  • 쿠키가 아니라 localStorage 기준으로 온보딩 노출 여부를 판단하는 것으로 추정
  • localStorage 필드: accountId, kakaoId, ni…opy, seenInsightKeys, seenWelcome
→ 만료 개념이 없는 것으로 추정"
5,0-1,실패,2순위,재방문 시마다 쿠키 만료 시점이 14일 기준으로 rolling 연장된다,비회원 상태로 최초 접속,며칠 간격 재방문 후 쿠키 만료 시점 갱신 여부 확인,재방문 시마다 쿠키 만료 시점이 14일 기준으로 rolling 연장된다,"  • 쿠키가 아니라 localStorage 기준으로 온보딩 노출 여부를 판단하는 것으로 추정
  • localStorage 필드: accountId, kakaoId, ni…opy, seenInsightKeys, seenWelcome
→ 만료 개념이 없는 것으로 추정"
6,0-1,보류,2순위,로그아웃 상태로 재방문한 기존 회원도 쿠키가 없으면 동일하게 온보딩이 노출된다,비회원 상태로 최초 접속,로그아웃 후 쿠키 삭제 상태로 재방문 → 온보딩 노출 확인,로그아웃 상태로 재방문한 기존 회원도 쿠키가 없으면 동일하게 온보딩이 노출된다,로그인 상태로 진입 자체가 불가하여(카카오 로그인 개발 진행 중・이메일 로그인 화면 없음) 확인 불가
7,0-1,실패,2순위,"딥링크(특정 게시물/공유 링크)로 진입 시 온보딩으로 리다이렉트되며, 원래 목적지가 파라미터로 함께 전달된다",비회원 상태로 최초 접속,딥링크 URL로 비회원 접속 → 온보딩 리다이렉트·파라미터 전달 확인,"딥링크(특정 게시물/공유 링크)로 진입 시 온보딩으로 리다이렉트되며, 원래 목적지가 파라미터로 함께 전달된다","딥링크 진입 시(테스트 링크: /home, /record) 온보딩으로 리다이렉트되지 않음"
8,0-1,보류,2순위,온보딩 완료 후 딥링크로 진입했던 원래 목적지로 정상 이동하는지 확인,비회원 상태로 최초 접속,딥링크로 온보딩 진입 후 완료 → 원래 목적지 이동 확인,온보딩 완료 후 딥링크로 진입했던 원래 목적지로 정상 이동하는지 확인,딥링크 진입 시 온보딩으로 리다이렉트되지 않아 확인 불가
9,0-1,보류,2순위,온보딩·회원가입·로그인·API·정적 리소스는 온보딩 리다이렉트에서 제외한다,비회원 상태로 최초 접속,"/signup, /login, API, 정적 리소스 URL 직접 접속 → 리다이렉트 제외 확인",온보딩·회원가입·로그인·API·정적 리소스는 온보딩 리다이렉트에서 제외한다,딥링크 진입 시 온보딩으로 리다이렉트되지 않아 확인 보류
10,0-1,보류,2순위,재진입 쿠키 값이 손상되거나 파싱에 실패한 경우 '쿠키 없음'과 동일하게 처리되어 온보딩이 노출된다,비회원 상태로 최초 접속,쿠키 값을 임의로 손상시킨 뒤 접속 → 온보딩 노출 확인,재진입 쿠키 값이 손상되거나 파싱에 실패한 경우 '쿠키 없음'과 동일하게 처리되어 온보딩이 노출된다,쿠키가 아니라 localStorage 기준으로 온보딩 노출 여부를 판단하는 것으로 추정
11,0-1,성공,2순위,헤드라인/서브카피의 줄바꿈 위치가 고정되어 있다,비회원 상태로 최초 접속,다양한 해상도에서 헤드라인/서브카피 줄바꿈 위치 확인,헤드라인/서브카피의 줄바꿈 위치가 고정되어 있다,
12,0-1,실패,1순위,'체험 시작하기' CTA 클릭 시 0-2 화면(연습 매매 1/3)으로 이동한다,비회원 상태로 최초 접속,'체험 시작하기' 클릭 → 0-2 이동 확인,'체험 시작하기' CTA 클릭 시 0-2 화면(연습 매매 1/3)으로 이동한다,3장 캐러셀(카피 3종) 이후 마지막 장에서만 CTA 노출 → 스펙엔 없는 구성
13,0-1,성공,1순위,'이미 계정이 있나요? 로그인' 링크 클릭 시 1-1 로그인 화면으로 이동한다,비회원 상태로 최초 접속,'이미 계정이 있나요? 로그인' 클릭 → 1-1 이동 확인,'이미 계정이 있나요? 로그인' 링크 클릭 시 1-1 로그인 화면으로 이동한다,"  • '이미 계정이 있나요? 로그인' 클릭 시 /login 화면(카카오 가입/로그인 통합 화면)으로 정상 이동
  • 다만 목적지 화면 자체가 1-1 와이어프레임과 다르게 구성되어 있음(1-1/1-2/1-5 관련 항목 참고)"
14,0-2,보류,1순위,"헤더 '연습 매매 · 1/3 · 건너뛰기' 노출, 건너뛰기 클릭 시 0-7로 이동",온보딩 인트로에서 체험 시작,"0-2 진입 → 헤더 문구 확인, 건너뛰기 클릭 → 0-7 이동 확인","헤더 '연습 매매 · 1/3 · 건너뛰기' 노출, 건너뛰기 클릭 시 0-7로 이동","예시 과거 기록 삼성전자·카카오(0-2, 0-3) 예시 2건을 보여주는 화면 구조 자체가 없음. '삼성전자로 연습해 볼까요?' 안내 후 사용자가 직접 매수가·수량 등을 입력하는 4단계 플로우로 대체됨"
15,0-2,보류,1순위,"거래정보카드에 '삼성전자 · 매수', '250,000원 · 10주'가 정확히 표시된다",온보딩 인트로에서 체험 시작,0-2 화면에서 거래정보카드 종목·구분·가격·수량 표시값 확인,"거래정보카드에 '삼성전자 · 매수', '250,000원 · 10주'가 정확히 표시된다","예시 과거 기록 삼성전자·카카오(0-2, 0-3) 예시 2건을 보여주는 화면 구조 자체가 없음. '삼성전자로 연습해 볼까요?' 안내 후 사용자가 직접 매수가·수량 등을 입력하는 4단계 플로우로 대체됨"
16,0-2,보류,1순위,매매이유/그때마음 카드에 선택된 문구가 줄바꿈으로 나열된다,온보딩 인트로에서 체험 시작,0-2 화면에서 매매이유/그때마음 카드 줄바꿈 표시 확인,매매이유/그때마음 카드에 선택된 문구가 줄바꿈으로 나열된다,"예시 과거 기록 삼성전자·카카오(0-2, 0-3) 예시 2건을 보여주는 화면 구조 자체가 없음. '삼성전자로 연습해 볼까요?' 안내 후 사용자가 직접 매수가·수량 등을 입력하는 4단계 플로우로 대체됨"
17,0-2,보류,1순위,'다음' CTA 클릭 시 0-3으로 이동한다,온보딩 인트로에서 체험 시작,0-2에서 '다음' 클릭 → 0-3 이동 확인,'다음' CTA 클릭 시 0-3으로 이동한다,"예시 과거 기록 삼성전자·카카오(0-2, 0-3) 예시 2건을 보여주는 화면 구조 자체가 없음. '삼성전자로 연습해 볼까요?' 안내 후 사용자가 직접 매수가·수량 등을 입력하는 4단계 플로우로 대체됨"
18,0-3,보류,1순위,"헤더 '연습 매매 · 2/3 · 건너뛰기' 노출, 건너뛰기 클릭 시 0-7로 이동",연습 매매 1/3 진행 완료,"0-3 진입 → 헤더 문구 확인, 건너뛰기 클릭 → 0-7 이동 확인","헤더 '연습 매매 · 2/3 · 건너뛰기' 노출, 건너뛰기 클릭 시 0-7로 이동",0-2와 동일 사유
19,0-3,보류,1순위,"거래정보카드에 '카카오 · 매수', '35,000원 · 10주'가 정확히 표시된다",연습 매매 1/3 진행 완료,0-3 화면에서 거래정보카드 종목·구분·가격·수량 표시값 확인,"거래정보카드에 '카카오 · 매수', '35,000원 · 10주'가 정확히 표시된다",0-2와 동일 사유
20,0-3,보류,1순위,'다음' CTA 클릭 시 0-4로 이동한다,연습 매매 1/3 진행 완료,0-3에서 '다음' 클릭 → 0-4 이동 확인,'다음' CTA 클릭 시 0-4로 이동한다,0-2와 동일 사유
21,0-4,보류,1순위,"거래정보카드가 라벨-값 세로 나열형으로 'NAVER / 매수 / 210,000원 / 10주'를 정확히 표시한다",연습 매매 2/3 진행 완료,0-4 화면에서 거래정보카드 라벨-값 세로 표시값 확인,"거래정보카드가 라벨-값 세로 나열형으로 'NAVER / 매수 / 210,000원 / 10주'를 정확히 표시한다",0-2와 동일 사유
22,0-4,보류,1순위,'다음' CTA 클릭 시 0-5로 이동한다,연습 매매 2/3 진행 완료,0-4에서 '다음' 클릭 → 0-5 이동 확인,'다음' CTA 클릭 시 0-5로 이동한다,0-2와 동일 사유
23,0-5,실패,1순위,"헤더 '매수 기록 · 1/3 단계 · 건너뛰기' 노출, 건너뛰기 클릭 시 0-7로 이동",연습 매매 2/3 진행 완료,"0-5 진입 → 헤더 문구 확인, 건너뛰기 클릭 → 0-7 이동 확인","헤더 '매수 기록 · 1/3 단계 · 건너뛰기' 노출, 건너뛰기 클릭 시 0-7로 이동","  • ‘매수 기록 · 2/4 단계 · 건너뛰기’ 노출 → 3단계 플로우에 매매 기본 정보 입력이 추가되어 4단계 플로우가 됨 (스펙 X)
  • 건너뛰기 클릭 시 2/4단계로 넘어감"
24,0-5,성공,2순위,'(n/3)' 카운터가 선택된 소분류 총 개수를 실시간으로 정확히 반영한다,연습 매매 2/3 진행 완료,0-5에서 소분류 칩 선택/해제하며 (n/3) 카운터 실시간 값 확인,'(n/3)' 카운터가 선택된 소분류 총 개수를 실시간으로 정확히 반영한다,
25,0-5,실패,1순위,"대분류 탭 5개가 모두 노출되고, 초기 진입 시 '차트를 보고'만 펼쳐진다",연습 매매 2/3 진행 완료,0-5 최초 진입 시 대분류 5개 노출·펼침 상태 확인,"대분류 탭 5개가 모두 노출되고, 초기 진입 시 '차트를 보고'만 펼쳐진다",초기 진입 시 모든 탭이 닫혀 있음
26,0-5,실패,1순위,'차트를 보고' 외 대분류 탭 클릭 시 무반응,연습 매매 2/3 진행 완료,0-5에서 '차트를 보고' 외 대분류 탭 클릭 → 반응 확인,'차트를 보고' 외 대분류 탭 클릭 시 무반응,5개 대분류 전부 클릭하면 펼쳐짐
27,0-5,성공,2순위,"소분류 칩 다중 선택/해제 토글이 정상 동작하고, '매매 이유 n/3 선택' 카운트가 정확하다",연습 매매 2/3 진행 완료,0-5에서 소분류 칩 다중 선택/해제 후 카운트 문구 확인,"소분류 칩 다중 선택/해제 토글이 정상 동작하고, '매매 이유 n/3 선택' 카운트가 정확하다",
28,0-5,실패,1순위,"소분류 0개 선택 시 '다음' 버튼 비활성, 1개 이상 선택 시 활성화되어 0-6으로 이동한다",연습 매매 2/3 진행 완료,0-5에서 소분류 0개/1개 선택 상태별 '다음' 버튼 활성화 확인,"소분류 0개 선택 시 '다음' 버튼 비활성, 1개 이상 선택 시 활성화되어 0-6으로 이동한다",0개 선택 상태에서도 '다음' 버튼이 계속 활성화됨
29,0-5,성공,1순위,노출되는 대분류/소분류 라벨이 팀 확정 최신 판단근거 분류체계와 동일한 용어인지 확인,연습 매매 2/3 진행 완료,0-5 대분류/소분류 라벨을 최신 분류체계 문서와 대조,노출되는 대분류/소분류 라벨이 팀 확정 최신 판단근거 분류체계와 동일한 용어인지 확인,
30,0-6,실패,1순위,"헤더 '매수 기록 · 2/3 단계 · 건너뛰기' 노출, 건너뛰기 클릭 시 0-7로 이동",판단근거 선택 완료,"0-6 진입 → 헤더 문구 확인, 건너뛰기 클릭 → 0-7 이동 확인","헤더 '매수 기록 · 2/3 단계 · 건너뛰기' 노출, 건너뛰기 클릭 시 0-7로 이동","  • ‘매수 기록 · 3/4 단계 · 건너뛰기’ 노출 → 3단계 플로우에 매매 기본 정보 입력이 추가되어 4단계 플로우가 됨 (스펙 X)
  • 건너뛰기 클릭 시 0-7로 이동"
31,0-6,성공,1순위,"그때마음 칩은 최대 2개까지 선택되고, 미선택↔선택 토글이 정상 동작한다",판단근거 선택 완료,0-6에서 그때마음 칩 2개까지 선택/해제 토글 확인,"그때마음 칩은 최대 2개까지 선택되고, 미선택↔선택 토글이 정상 동작한다",
32,0-6,실패,2순위,2개 선택 후 추가 선택 시 '이 옵션을 선택하려면 하나를 해제해주세요' 토스트가 화면 상단 중앙에 5초간 노출된다,판단근거 선택 완료,0-6에서 2개 선택 후 3번째 칩 클릭 → 토스트 노출 확인,2개 선택 후 추가 선택 시 '이 옵션을 선택하려면 하나를 해제해주세요' 토스트가 화면 상단 중앙에 5초간 노출된다,이미 2개 선택된 상태에서 3번째 칩을 클릭해도 선택되지 않고 카운터도 2/2 유지 — 상한 자체는 정상 차단됨. 다만 안내 토스트는 뜨지 않음 (무음 차단)
33,0-6,성공,1순위,'다음' CTA 클릭 시(또는 최소 1개 선택 없이 '건너뛰기' 클릭 시) 0-7로 이동한다,판단근거 선택 완료,0-6에서 '다음'(또는 미선택 '건너뛰기') 클릭 → 0-7 이동 확인,'다음' CTA 클릭 시(또는 최소 1개 선택 없이 '건너뛰기' 클릭 시) 0-7로 이동한다,
34,0-7,보류,1순위,헤더에 '연습 기록 3건 완료'가 노출된다,판단근거·그때 마음 선택 완료(또는 건너뛰기),0-7 진입 → 헤더 '연습 기록 3건 완료' 문구 확인,헤더에 '연습 기록 3건 완료'가 노출된다,"  • ‘매수 기록 · 4/4 단계’ 노출 후 ‘연습 기록 저장’ CTA 클릭 시 ‘연습 기록 리플레이’로 넘어감 → 스펙에 없는 화면이 추가됨"
35,0-7,보류,1순위,"기록 카드가 3개 노출되고, 마지막 카드에 강조 테두리가 적용되며 종목명·구분뱃지·순번이 정확히 표시된다",판단근거·그때 마음 선택 완료(또는 건너뛰기),0-7에서 기록 카드 3개·강조 테두리·순번 표시 확인,"기록 카드가 3개 노출되고, 마지막 카드에 강조 테두리가 적용되며 종목명·구분뱃지·순번이 정확히 표시된다",3건 예시 루프 구조 자체가 없고 삼성전자 1건만 기록/리플레이됨
36,0-7,보류,1순위,삼성전자/카카오 카드 내용이 0-2/0-3 고정 예시값과 완전히 일치한다,판단근거·그때 마음 선택 완료(또는 건너뛰기),0-7의 삼성전자/카카오 카드 내용을 0-2/0-3 표시값과 대조,삼성전자/카카오 카드 내용이 0-2/0-3 고정 예시값과 완전히 일치한다,3건 예시 루프 구조 자체가 없고 삼성전자 1건만 기록/리플레이됨
37,0-7,보류,1순위,NAVER 카드의 매매이유·그때마음 표시값이 0-5/0-6에서 실제 선택한 값과 정확히 일치하는지,판단근거·그때 마음 선택 완료(또는 건너뛰기),0-5/0-6에서 실제 선택한 값과 0-7 NAVER 카드 값 대조,NAVER 카드의 매매이유·그때마음 표시값이 0-5/0-6에서 실제 선택한 값과 정확히 일치,"  • NAVER가 아닌 ‘삼성전자’로 표시 (3건 예시 루프 자체가 없고 삼성전자 1건만 기록됨)
  • 기본 매매 입력 값(스펙에 없음), 판단 근거·당시 상태는 사용자 선택 값으로 표시
  • 매매 이유가 ‘판단 근거’로 표시, 그때 마음이 ‘당시 상태’로 표시"
38,0-7,보류,1순위,'인사이트 리포트 확인하기' CTA 클릭 시 0-8a로 이동한다,판단근거·그때 마음 선택 완료(또는 건너뛰기),0-7에서 '인사이트 리포트 확인하기' 클릭 → 0-8a 이동 확인,'인사이트 리포트 확인하기' CTA 클릭 시 0-8a로 이동한다,"  • '인사이트 리포트 확인하기' CTA가 없음 → ‘다음’ CTA만 있음
  • ‘다음’ CTA 클릭 시 ‘첫 연습 기록을 남겼어요’, ‘실제 매매를 같은 방식으로 3번 기록하면반복되는 판단 패턴을 보여 드려요.’ 화면만 존재 (스펙에 없음)"
39,0-7,보류,1순위,"'건너뛰기'로 0-5/0-6 입력을 생략한 경우, 0-7의 NAVER 카드(매매이유/그때마음)에는 고정 값 노출",-,0-5/0-6 건너뛰고 0-7 진입 → NAVER 카드 고정값 확인,"  • '건너뛰기'로 0-5/0-6 입력을 생략한 경우, 0-7의 NAVER 카드(매매이유/그때마음)에는 고정 값 노출
  • 매매 이유: 차트를 보고 · 차트에서 자주 멈추던 가격대를 뚫고 움직여서
  • 그때 마음: 많이 떨어져 있어서 지금이 기회라고 봤다(줄바꿈)지금 아니면 놓칠 것 같았다",매매 이유 및 당시 상태 모두 ‘선택하지 않음’으로 표시
40,0-8a,보류,1순위,헤더에 '연습 기록 3건 기준'이 고정 노출된다,연습 기록 리플레이 확인 완료,0-8a 진입 → 헤더 '연습 기록 3건 기준' 문구 확인,헤더에 '연습 기록 3건 기준'이 고정 노출된다,온보딩 내 인사이트 화면 없음
41,0-8a,보류,1순위,'대시보드' / '경향해석' 탭 전환이 각각 0-8a / 0-8b로 정상 랜딩된다,연습 기록 리플레이 확인 완료,0-8a에서 '경향해석' 탭 클릭 → 0-8b 랜딩 확인 (역방향도 확인),'대시보드' / '경향해석' 탭 전환이 각각 0-8a / 0-8b로 정상 랜딩된다,온보딩 내 인사이트 화면 없음
42,0-8a,보류,1순위,"대시보드의 모든 수치(3건 구성비, 파이차트, TOP3 조합 등)가 표시 스펙과 정확히 일치한다",연습 기록 리플레이 확인 완료,0-8a 대시보드 수치를 스펙 문서 수치와 하나씩 대조,"대시보드의 모든 수치(3건 구성비, 파이차트, TOP3 조합 등)가 표시 스펙과 정확히 일치한다",온보딩 내 인사이트 화면 없음
43,0-8a,보류,1순위,대시보드 수치·문구가 0-5/0-6 실제 선택과 무관하게 항상 고정 노출된다,연습 기록 리플레이 확인 완료,0-5/0-6에서 다른 값을 선택해가며 0-8a 수치 변화 여부 확인,대시보드 수치·문구가 0-5/0-6 실제 선택과 무관하게 항상 고정 노출된다,온보딩 내 인사이트 화면 없음
44,0-8a,보류,1순위,'회원가입하고 시작하기' CTA 클릭 시 1-2 회원가입 화면으로 이동한다,연습 기록 리플레이 확인 완료,0-8a에서 '회원가입하고 시작하기' 클릭 → 1-2 이동 확인,'회원가입하고 시작하기' CTA 클릭 시 1-2 회원가입 화면으로 이동한다,온보딩 내 인사이트 화면 없음
45,0-8b,보류,1순위,안내 카드 문구('기록 3개가 쌓일 때마다...') 및 경향 해석 문구가 오탈자 없이 정확히 노출된다,대시보드 탭 확인 완료,0-8b 안내 카드·경향 해석 문구를 원문과 대조,안내 카드 문구('기록 3개가 쌓일 때마다...') 및 경향 해석 문구가 오탈자 없이 정확히 노출된다,온보딩 내 인사이트 화면 없음
46,0-8b,보류,1순위,경향해석 카드도 0-5/0-6 실제 선택과 무관하게 고정 노출된다,대시보드 탭 확인 완료,0-5/0-6에서 다른 값을 선택해가며 0-8b 카드 변화 여부 확인,경향해석 카드도 0-5/0-6 실제 선택과 무관하게 고정 노출된다,온보딩 내 인사이트 화면 없음
47,0-8b,보류,1순위,"'회원가입하고 시작하기' CTA 클릭 시 1-2로 이동, 서브텍스트 '지금까지의 연습 기록은 저장되지 않아요'가 노출된다",대시보드 탭 확인 완료,"0-8b에서 '회원가입하고 시작하기' 클릭 → 1-2 이동, 서브텍스트 확인","'회원가입하고 시작하기' CTA 클릭 시 1-2로 이동, 서브텍스트 '지금까지의 연습 기록은 저장되지 않아요'가 노출된다",온보딩 내 인사이트 화면 없음
48,0-8b,보류,1순위,"연습 기록이 서버/DB에 저장되지 않는지, 재접속 시 온보딩이 처음부터 재시작되는지 확인",대시보드 탭 확인 완료,온보딩 완료 후 새로고침/재접속 → 기록 저장 여부·재시작 여부 확인,"연습 기록이 서버/DB에 저장되지 않는지, 재접속 시 온보딩이 처음부터 재시작되는지 확인",온보딩 내 인사이트 화면 없음
49,1-1,보류,1순위,1-2의 '이미 계정이 있나요? 로그인' 클릭 또는 온보딩 등 다른 진입점에서 로그인 의도로 진입 시 노출된다,로그인 화면 진입,1-2 로그인 링크 또는 다른 진입점에서 1-1 진입 확인,1-2의 '이미 계정이 있나요? 로그인' 클릭 또는 온보딩 등 다른 진입점에서 로그인 의도로 진입 시 노출된다,카카오 전용 단일 로그인/가입 화면(/login)만 존재. 이메일 로그인 화면이 별도로 없음
50,1-1,보류,1순위,"'카카오로 로그인' 버튼 탭 시 OAuth 진행, 성공 시(기존 회원) 홈(2.1)으로 진입한다",로그인 화면 진입,"1-1에서 '카카오로 로그인' 클릭 → OAuth 진행, 홈 진입 확인","'카카오로 로그인' 버튼 탭 시 OAuth 진행, 성공 시(기존 회원) 홈(2.1)으로 진입한다",카카오 전용 단일 로그인/가입 화면(/login)만 존재. 이메일 로그인 화면이 별도로 없음
51,1-1,보류,1순위,'회원가입' 링크 클릭 시 1-2 화면으로 이동한다,로그인 화면 진입,1-1에서 '회원가입' 링크 클릭 → 1-2 이동 확인,'회원가입' 링크 클릭 시 1-2 화면으로 이동한다,카카오 전용 단일 로그인/가입 화면(/login)만 존재. 이메일 로그인 화면이 별도로 없음
52,1-1,보류,1순위,'로그인' CTA 클릭 시 인증 성공하면 메인(홈)으로 이동한다,로그인 화면 진입,1-1에서 로그인 성공 처리 후 메인(홈) 이동 확인,'로그인' CTA 클릭 시 인증 성공하면 메인(홈)으로 이동한다,카카오 전용 단일 로그인/가입 화면(/login)만 존재. 이메일 로그인 화면이 별도로 없음
53,1-2,실패,2순위,비회원 상태이면서 재진입 쿠키가 존재할 경우 해당 화면으로 랜딩되는지 확인,회원가입 화면 진입,재진입 쿠키 있는 비회원 상태로 1-2 접근 → 랜딩 위치 확인,비회원 상태이면서 재진입 쿠키가 존재할 경우 해당 화면으로 랜딩되는지 확인,"  • 현재 1-2 회원가입 선택 화면이 따로 없고 약관 동의 + '카카오로 시작하기'가 한 화면(/login)에 합쳐져 있음
  • 온보딩을 끝낸 후 재진입 시 /home으로 랜딩"
54,1-2,보류,1순위,비회원이 체험 모드(온보딩)에서 회원가입 유도 CTA를 탭했을 때 온보딩에서 전체화면으로 전환되며 노출된다,회원가입 화면 진입,온보딩에서 회원가입 유도 CTA 탭 → 1-2 전체화면 전환 확인,비회원이 체험 모드(온보딩)에서 회원가입 유도 CTA를 탭했을 때 온보딩에서 전체화면으로 전환되며 노출된다,"온보딩 인사이트 화면(0-8a, 0-8b)이 구현되어 있지 않음 → 현재 온보딩 마지막 화면인 ‘첫 연습 기록을 남겼어요’ 화면 내 ‘가입하고 실제 기록 시작’을 통해 진입은 가능"
55,1-2,보류,1순위,"'이메일로 계속하기' 선택 시, 신규 계정이면 1-3으로, 기존 연동 계정이면 1-1 로그인 화면으로 이동한다",회원가입 화면 진입,"1-2에서 '이메일로 계속하기' 선택, 신규/기존 계정별 이동 확인","'이메일로 계속하기' 선택 시, 신규 계정이면 1-3으로, 기존 연동 계정이면 1-1 로그인 화면으로 이동한다",회원가입 선택 화면이 따로 없고 약관 동의 + '카카오로 시작하기'가 한 화면(/login)에 합쳐져 있음
56,1-2,보류,1순위,"'카카오로 시작하기' 선택 시 OAuth 진행 후, 받은 회원 ID가 기존 가입 회원 ID와 불일치(신규)하면 1-4로 이동한다",회원가입 화면 진입,1-2에서 카카오로 시작 → OAuth 후 신규 판별 시 1-4 이동 확인,"'카카오로 시작하기' 선택 시 OAuth 진행 후, 회원 ID가 기존 가입 회원 ID와 불일치(신규)하면 1-4로 이동한다",카카오 로그인 개발 진행 중
57,1-2,보류,1순위,소셜 로그인 시 받은 회원 ID가 기존 가입 회원 ID와 일치하면 신규가입이 아닌 로그인으로 처리되어 중복 계정이 생성되지 않는다,회원가입 화면 진입,기존 가입 회원 ID로 소셜 로그인 시도 → 중복가입 아닌 로그인 처리 확인,소셜 로그인 시 받은 회원 ID가 기존 가입 회원 ID와 일치하면 신규가입이 아닌 로그인으로 처리되어 중복 계정이 생성되지 않는다,카카오 로그인 개발 진행 중
58,1-2,보류,2순위,OAuth 실패(네트워크 오류/사용자 취소) 시 원래 화면을 유지하고 에러 토스트만 노출한다,회원가입 화면 진입,OAuth 진행 중 네트워크 오류/취소 → 원화면 유지·에러 토스트 확인,OAuth 실패(네트워크 오류/사용자 취소) 시 원래 화면을 유지하고 에러 토스트만 노출한다,카카오 로그인 개발 진행 중
59,1-2,보류,1순위,이미 가입된 소셜 계정으로 재시도 시 1-1 로그인 화면으로 이동한다,회원가입 화면 진입,이미 가입된 소셜 계정으로 재가입 시도 → 1-1 이동 확인,이미 가입된 소셜 계정으로 재시도 시 1-1 로그인 화면으로 이동한다,카카오 로그인 개발 진행 중
60,1-2,보류,1순위,'이미 계정이 있나요? 로그인' 링크 클릭 시 1-1 화면으로 이동한다,회원가입 화면 진입,1-2에서 '이미 계정이 있나요? 로그인' 클릭 → 1-1 이동 확인,'이미 계정이 있나요? 로그인' 링크 클릭 시 1-1 화면으로 이동한다,"  • 회원가입 선택 화면이 따로 없고 약관 동의 + '카카오로 시작하기'가 한 화면(/login)에 합쳐져 있음
  • 스펙에 없는 ‘카카오 없이 둘러보기’ CTA 존재"
61,1-3,보류,1순위,1-2에서 '이메일로 계속하기' 선택 시 노출된다,이메일로 계속하기 선택,1-2에서 '이메일로 계속하기' 선택 → 1-3 노출 확인,1-2에서 '이메일로 계속하기' 선택 시 노출된다,"  • 회원가입 선택 화면이 따로 없고 약관 동의 + '카카오로 시작하기'가 한 화면(/login)에 합쳐져 있음"
62,1-3,보류,1순위,"비밀번호는 영문/숫자/특수문자(공백 제외) 중 2종 이상 조합, 10자 이상이어야 유효하다",이메일로 계속하기 선택,1-3 비밀번호 필드에 다양한 조합·자릿수 입력해 유효성 확인,"비밀번호는 영문/숫자/특수문자(공백 제외) 중 2종 이상 조합, 10자 이상이어야 유효하다",회원가입 선택 화면이 따로 없고 약관 동의 + '카카오로 시작하기'가 한 화면(/login)에 합쳐져 있음
63,1-3,보류,1순위,비밀번호 확인 필드는 비밀번호와 완전히 일치해야 한다 (대소문자 구분),이메일로 계속하기 선택,1-3 비밀번호 확인 필드에 다른 값/대소문자 다른 값 입력해 확인,비밀번호 확인 필드는 비밀번호와 완전히 일치해야 한다 (대소문자 구분),회원가입 선택 화면이 따로 없고 약관 동의 + '카카오로 시작하기'가 한 화면(/login)에 합쳐져 있음
64,1-3,보류,1순위,"닉네임은 최소 2자, 최대 10자이며 중복은 허용된다",이메일로 계속하기 선택,1-3 닉네임 필드에 1자/2자/10자/11자 입력해 유효성 확인,"닉네임은 최소 2자, 최대 10자이며 중복은 허용된다",회원가입 선택 화면이 따로 없고 약관 동의 + '카카오로 시작하기'가 한 화면(/login)에 합쳐져 있음
65,1-3,보류,1순위,4개 필드(이메일/비밀번호/비밀번호확인/닉네임) 모두 유효성 통과 시에만 '가입하기' CTA가 활성화된다,이메일로 계속하기 선택,1-3에서 4개 필드를 하나씩 채우며 CTA 활성화 시점 확인,4개 필드(이메일/비밀번호/비밀번호확인/닉네임) 모두 유효성 통과 시에만 '가입하기' CTA가 활성화된다,회원가입 선택 화면이 따로 없고 약관 동의 + '카카오로 시작하기'가 한 화면(/login)에 합쳐져 있음
66,1-3,보류,1순위,'가입하기' CTA 클릭 시 1-5 약관 동의 화면으로 이동한다,이메일로 계속하기 선택,1-3에서 '가입하기' 클릭 → 1-5 이동 확인,'가입하기' CTA 클릭 시 1-5 약관 동의 화면으로 이동한다,회원가입 선택 화면이 따로 없고 약관 동의 + '카카오로 시작하기'가 한 화면(/login)에 합쳐져 있음
67,1-3a,보류,2순위,이메일 형식이 RFC 규칙에 맞지 않으면(예: '@' 누락) '이메일이 올바르지 않습니다'가 노출된다,이메일 회원가입에서 형식에 맞지 않는 값 입력,1-3에서 '@' 없는 이메일 입력 → 에러 문구 확인,이메일 형식이 RFC 규칙에 맞지 않으면(예: '@' 누락) '이메일이 올바르지 않습니다'가 노출된다,이메일 회원가입 화면 자체가 없어 하위 예외 화면도 존재하지 않음
68,1-3a,보류,2순위,"비밀번호 규칙 미충족 시 '영문/숫자/특수문자(공백 제외)만 허용하며, 2개 이상 조합, 10자 이상' 문구가 노출된다",이메일 회원가입에서 형식에 맞지 않는 값 입력,1-3에서 규칙에 안 맞는 비밀번호 입력 → 에러 문구 확인,"비밀번호 규칙 미충족 시 '영문/숫자/특수문자(공백 제외)만 허용하며, 2개 이상 조합, 10자 이상' 문구가 노출된다",이메일 회원가입 화면 자체가 없어 하위 예외 화면도 존재하지 않음
69,1-3a,보류,2순위,이메일·비밀번호가 동시에 유효성 실패인 경우 두 에러가 동시에 노출된다,이메일 회원가입에서 형식에 맞지 않는 값 입력,1-3에서 이메일·비밀번호 둘 다 잘못 입력 → 에러 동시 노출 확인,이메일·비밀번호가 동시에 유효성 실패인 경우 두 에러가 동시에 노출된다,이메일 회원가입 화면 자체가 없어 하위 예외 화면도 존재하지 않음
70,1-3a,보류,2순위,"값이 바뀔 때마다 실시간으로 재검증되어, 규칙을 만족하는 즉시 해당 필드의 에러가 해제된다",이메일 회원가입에서 형식에 맞지 않는 값 입력,1-3에서 에러 유발 후 값 수정하며 실시간 에러 해제 확인,"값이 바뀔 때마다 실시간으로 재검증되어, 규칙을 만족하는 즉시 해당 필드의 에러가 해제된다",이메일 회원가입 화면 자체가 없어 하위 예외 화면도 존재하지 않음
71,1-3b,보류,2순위,서버에 이미 등록된 이메일로 가입 시도 시 '이미 가입된 이메일입니다'가 노출된다 ('가입하기' 탭 또는 이메일 블러 시점에 서버 중복 조회),이메일 회원가입에서 이미 가입된 이메일 입력,1-3에서 이미 가입된 이메일 입력 → 중복 안내 문구 확인,서버에 이미 등록된 이메일로 가입 시도 시 '이미 가입된 이메일입니다'가 노출된다 ('가입하기' 탭 또는 이메일 블러 시점에 서버 중복 조회),이메일 회원가입 화면 자체가 없어 하위 예외 화면도 존재하지 않음
72,1-3b,보류,2순위,소셜 가입 이메일과 동일한 이메일로 이메일 가입을 시도하면 '카카오로 가입된 이메일입니다'처럼 구체적인 문구로 교체되어 노출된다,이메일 회원가입에서 이미 가입된 이메일 입력,1-3에서 카카오 가입 이메일과 동일한 이메일 입력 → 안내 문구 확인,소셜 가입 이메일과 동일한 이메일로 이메일 가입을 시도하면 '카카오로 가입된 이메일입니다'처럼 구체적인 문구로 교체되어 노출된다,이메일 회원가입 화면 자체가 없어 하위 예외 화면도 존재하지 않음
73,1-3c,보류,2순위,비밀번호 확인 값이 비밀번호와 다르면 '비밀번호가 일치하지 않습니다. 다시 확인해주세요'가 노출된다,비밀번호 확인 값이 다르게 입력됨,1-3에서 비밀번호와 다른 확인값 입력 → 불일치 문구 확인,비밀번호 확인 값이 비밀번호와 다르면 '비밀번호가 일치하지 않습니다. 다시 확인해주세요'가 노출된다,이메일 회원가입 화면 자체가 없어 하위 예외 화면도 존재하지 않음
74,1-3c,보류,2순위,"재입력 시 두 값이 일치하는 순간 에러가 즉시 해제되며, 비교는 대소문자 구분 완전일치로 이루어진다",비밀번호 확인 값이 다르게 입력됨,1-3에서 두 값을 일치시키며 에러 해제 시점·대소문자 구분 확인,"재입력 시 두 값이 일치하는 순간 에러가 즉시 해제되며, 비교는 대소문자 구분 완전일치로 이루어진다",이메일 회원가입 화면 자체가 없어 하위 예외 화면도 존재하지 않음
75,1-3c,보류,2순위,"비밀번호 필드를 나중에 수정해 확인 필드와 다시 어긋나는 경우, 그 시점에 다시 에러가 노출(재검증)된다",비밀번호 확인 값이 다르게 입력됨,1-3에서 비밀번호를 나중에 수정 → 확인 필드 재검증 여부 확인,"비밀번호 필드를 나중에 수정해 확인 필드와 다시 어긋나는 경우, 그 시점에 다시 에러가 노출(재검증)된다",이메일 회원가입 화면 자체가 없어 하위 예외 화면도 존재하지 않음
76,1-3d,보류,2순위,"닉네임이 2자 미만이거나 10자를 초과하면 '닉네임은 2자 이상, 10자 이내로 입력해 주세요'가 노출되고 필드 테두리·카운트 텍스트가 빨간색으로 전환된다",닉네임이 규칙에 맞지 않게 입력됨,1-3에서 1자/11자 닉네임 입력 → 에러 문구·색상 변화 확인,"닉네임이 2자 미만이거나 10자를 초과하면 '닉네임은 2자 이상, 10자 이내로 입력해 주세요'가 노출되고 필드 테두리·카운트 텍스트가 빨간색으로 전환된다",이메일 회원가입 화면 자체가 없어 하위 예외 화면도 존재하지 않음
77,1-3d,보류,2순위,재입력으로 2자 이상 10자 이하가 되는 즉시 에러가 해제된다,닉네임이 규칙에 맞지 않게 입력됨,1-3에서 닉네임을 2~10자로 재입력 → 에러 해제 확인,재입력으로 2자 이상 10자 이하가 되는 즉시 에러가 해제된다,이메일 회원가입 화면 자체가 없어 하위 예외 화면도 존재하지 않음
78,1-4,보류,1순위,카카오로 계속하기 후 OAuth 진행 결과 회원 ID가 기존 가입 회원 ID와 불일치(신규)일 경우에만 노출된다,'카카오로 시작하기' 선택 후 신규 계정으로 판별됨,1-2에서 카카오/구글 신규 회원 ID로 진행 → 1-4 노출 확인,카카오·구글로 계속하기 후 OAuth 진행 결과 회원 ID가 기존 가입 회원 ID와 불일치(신규)일 경우에만 노출된다,카카오 로그인 개발 진행 중
79,1-4,보류,1순위,"닉네임 필드만 필수이며, 최소 2자 최대 10자, 중복은 허용된다",'카카오로 시작하기' 선택 후 신규 계정으로 판별됨,1-4 닉네임 필드에 1자/2자/10자/11자 입력해 유효성 확인,"닉네임 필드만 필수이며, 최소 2자 최대 10자, 중복은 허용된다",카카오 로그인 개발 진행 중
80,1-4,보류,1순위,'가입하기' CTA 클릭 시 1-5 약관 동의 화면으로 이동한다,'카카오로 시작하기' 선택 후 신규 계정으로 판별됨,1-4에서 '가입하기' 클릭 → 1-5 이동 확인,'가입하기' CTA 클릭 시 1-5 약관 동의 화면으로 이동한다,카카오 로그인 개발 진행 중
81,1-4a,보류,2순위,"닉네임 필드 입력/블러 시점에 유효성 검사 실패 시(최소 2자, 최대 10자 미충족) 노출되며, 에러 메시지·규칙이 1-3d와 동일하다",소셜 회원가입에서 규칙에 맞지 않는 닉네임 입력,1-4에서 규칙에 안 맞는 닉네임 입력 → 1-3d와 동일 에러 확인,"닉네임 필드 입력/블러 시점에 유효성 검사 실패 시(최소 2자, 최대 10자 미충족) 노출되며, 에러 메시지·규칙이 1-3d와 동일하다",카카오 로그인 개발 진행 중
82,1-5,보류,1순위,이메일 회원가입 1-3 '가입하기' 클릭 시 또는 소셜 회원가입 1-4 '가입하기' 클릭 시에만 노출된다,이메일 또는 소셜 회원가입에서 '가입하기' 클릭 완료,1-3·1-4 각각에서 '가입하기' 클릭 → 1-5 노출 확인,이메일 회원가입 1-3 '가입하기' 클릭 시 또는 소셜 회원가입 1-4 '가입하기' 클릭 시에만 노출된다,약관 동의 화면이 따로 존재하지 않고 '카카오로 시작하기'와 한 화면(/login)에 합쳐져 있음
83,1-5,성공,2순위,"'전체 동의' 체크 시 하위 필수 항목 3개가 모두 체크/해제와 연동되고, 하위 항목을 개별 해제하면 전체 동의는 자동 해제된다",이메일 또는 소셜 회원가입에서 '가입하기' 클릭 완료,"1-5에서 전체동의 체크/해제, 하위 항목 개별 해제하며 연동 확인","'전체 동의' 체크 시 하위 필수 항목 3개가 모두 체크/해제와 연동되고, 하위 항목을 개별 해제하면 전체 동의는 자동 해제된다",
84,1-5,성공,2순위,'전체 동의'는 별도 저장되는 데이터가 아니라 필수 항목 3개가 모두 true인지에 따른 UI 파생 상태값이다,이메일 또는 소셜 회원가입에서 '가입하기' 클릭 완료,1-5에서 하위 항목 체크 상태 조합별 전체동의 표시값 확인,'전체 동의'는 별도 저장되는 데이터가 아니라 필수 항목 3개가 모두 true인지에 따른 UI 파생 상태값이다,
85,1-5,실패,1순위,'보기' 탭 클릭 시 서비스 이용약관/개인정보 처리방침/만 14세 확인 각각의 노션 URL이 새 탭으로 정상 연결된다,이메일 또는 소셜 회원가입에서 '가입하기' 클릭 완료,1-5에서 약관 3종 '보기' 각각 클릭 → 새 탭 연결 확인,'보기' 탭 클릭 시 서비스 이용약관/개인정보 처리방침/만 14세 확인 각각의 노션 URL이 새 탭으로 정상 연결된다,"  • 만 14세 이상 이용 약관 ‘보기’ 없음
  • ‘보기’ 클릭 시 노션 URL로 연결되지 않고 팝업이 뜸 (스펙에 없음)"
86,1-5,보류,2순위,"약관 상세 페이지 로딩에 실패하면 에러 토스트가 노출되고, 체크 상태는 그대로 유지된다",이메일 또는 소셜 회원가입에서 '가입하기' 클릭 완료,약관 URL을 임의로 막은 뒤 '보기' 클릭 → 에러 토스트 확인,"약관 상세 페이지 로딩에 실패하면 에러 토스트가 노출되고, 체크 상태는 그대로 유지된다",약관 상세 페이지 URL로 넘어가지 않아 확인 불가
87,1-5,실패,1순위,"'동의하고 계속하기' CTA는 필수 항목 3개가 모두 체크되어야 활성화되며, 그 전까지는 비활성(회색) 상태다",이메일 또는 소셜 회원가입에서 '가입하기' 클릭 완료,1-5에서 체크 0~3개 상태별 CTA 활성/비활성 확인,"'동의하고 계속하기' CTA는 필수 항목 3개가 모두 체크되어야 활성화되며, 그 전까지는 비활성(회색) 상태다","  • 별도의 약관 동의 화면 내 ‘동의하고 계속하기’ 버튼이 아닌 ‘카카오로 시작하기’, ‘카카오 없이 둘러보기’ 버튼만 존재
  • 체크박스 0개 상태에서도 '카카오로 시작하기' 버튼 및 ‘카카오 없이 둘러보기’ 버튼은 활성 상태 → 클릭하여도 동작하진 않음"
88,1-5,보류,1순위,CTA 클릭 시 가입이 완료되고 로그인 처리되어 2.1 홈으로 이동한다,이메일 또는 소셜 회원가입에서 '가입하기' 클릭 완료,1-5에서 CTA 클릭 → 가입 완료·로그인 처리·홈 이동 확인,CTA 클릭 시 가입이 완료되고 로그인 처리되어 2.1 홈으로 이동한다,카카오 로그인은 개발 진행 중이며 이메일 로그인은 화면이 구현되지 않아 확인 불가
89,1-5,보류,1순위,동의 시점의 약관 버전과 동의 일시가 서버에 저장된다,이메일 또는 소셜 회원가입에서 '가입하기' 클릭 완료,가입 완료 후 서버/DB에 약관 버전·동의 일시 기록 확인,동의 시점의 약관 버전과 동의 일시가 서버에 저장된다 (법적 근거 자료로서 중요),카카오 로그인은 개발 진행 중이며 이메일 로그인은 화면이 구현되지 않아 확인 불가
91,1-5,보류,2순위,뒤로가기 후 재진입 시 이전에 체크했던 상태가 그대로 유지된다,이메일 또는 소셜 회원가입에서 '가입하기' 클릭 완료,1-5 일부 체크 후 뒤로가기·재진입 → 체크 상태 유지 확인,뒤로가기 후 재진입 시 이전에 체크했던 상태가 그대로 유지된다,카카오 로그인은 개발 진행 중이며 이메일 로그인은 화면이 구현되지 않아 확인 불가